image,label
0.jpg,A
1.jpg,A
2.jpg,A
3.jpg,A
4.jpg,A
5.jpg,A
6.jpg,A
7.jpg,A
8.jpg,A
9.jpg,A
10.jpg,A
11.jpg,A
12.jpg,A
13.jpg,A
14.jpg,A
15.jpg,A
16.jpg,A
17.jpg,A
18.jpg,A
19.jpg,A
20.jpg,A
21.jpg,A
22.jpg,A
23.jpg,A
24.jpg,A
25.jpg,A
26.jpg,A
27.jpg,A
28.jpg,A
29.jpg,A
30.jpg,A
31.jpg,A
32.jpg,A
33.jpg,A
34.jpg,A
35.jpg,A
36.jpg,A
37.jpg,A
38.jpg,A
39.jpg,A
40.jpg,A
41.jpg,A
42.jpg,A
43.jpg,A
44.jpg,A
45.jpg,A
46.jpg,A
47.jpg,A
48.jpg,A
49.jpg,A
50.jpg,A
51.jpg,A
52.jpg,A
53.jpg,A
54.jpg,A
55.jpg,A
56.jpg,A
57.jpg,A
58.jpg,A
59.jpg,A
60.jpg,A
61.jpg,A
62.jpg,A
63.jpg,A
64.jpg,A
65.jpg,A
66.jpg,A
67.jpg,A
68.jpg,A
69.jpg,A
70.jpg,A
71.jpg,A
72.jpg,A
73.jpg,A
74.jpg,A
75.jpg,A
76.jpg,A
77.jpg,A
78.jpg,A
79.jpg,A
80.jpg,A
81.jpg,A
82.jpg,A
83.jpg,A
84.jpg,A
85.jpg,A
86.jpg,A
87.jpg,A
88.jpg,A
89.jpg,A
90.jpg,A
91.jpg,A
92.jpg,A
93.jpg,A
94.jpg,A
95.jpg,A
96.jpg,A
97.jpg,A
98.jpg,A
99.jpg,A
100.jpg,A
101.jpg,A
102.jpg,A
103.jpg,A
104.jpg,A
105.jpg,A
106.jpg,A
107.jpg,A
108.jpg,A
109.jpg,A
110.jpg,A
111.jpg,A
112.jpg,A
113.jpg,A
114.jpg,A
115.jpg,A
116.jpg,A
117.jpg,A
118.jpg,A
119.jpg,A
120.jpg,A
121.jpg,A
122.jpg,A
123.jpg,A
124.jpg,A
125.jpg,A
126.jpg,A
127.jpg,A
128.jpg,A
129.jpg,A
130.jpg,A
131.jpg,A
132.jpg,A
133.jpg,A
134.jpg,A
135.jpg,A
136.jpg,A
137.jpg,A
138.jpg,A
139.jpg,A
140.jpg,A
141.jpg,A
142.jpg,A
143.jpg,A
144.jpg,A
145.jpg,A
146.jpg,A
147.jpg,A
148.jpg,A
149.jpg,A
150.jpg,A
151.jpg,A
152.jpg,A
153.jpg,A
154.jpg,A
155.jpg,A
156.jpg,A
157.jpg,A
158.jpg,A
159.jpg,A
160.jpg,A
161.jpg,A
162.jpg,A
163.jpg,A
164.jpg,A
165.jpg,A
166.jpg,A
167.jpg,A
168.jpg,A
169.jpg,A
170.jpg,A
171.jpg,A
172.jpg,A
173.jpg,A
174.jpg,A
175.jpg,A
176.jpg,A
177.jpg,A
178.jpg,A
179.jpg,A
180.jpg,A
181.jpg,A
182.jpg,A
183.jpg,A
184.jpg,A
185.jpg,A
186.jpg,A
187.jpg,A
188.jpg,A
189.jpg,A
190.jpg,A
191.jpg,A
192.jpg,A
193.jpg,A
194.jpg,A
195.jpg,A
196.jpg,A
197.jpg,A
198.jpg,A
199.jpg,A
200.jpg,B
201.jpg,B
202.jpg,B
203.jpg,B
204.jpg,B
205.jpg,B
206.jpg,B
207.jpg,B
208.jpg,B
209.jpg,B
210.jpg,B
211.jpg,B
212.jpg,B
213.jpg,B
214.jpg,B
215.jpg,B
216.jpg,B
217.jpg,B
218.jpg,B
219.jpg,B
220.jpg,B
221.jpg,B
222.jpg,B
223.jpg,B
224.jpg,B
225.jpg,B
226.jpg,B
227.jpg,B
228.jpg,B
229.jpg,B
230.jpg,B
231.jpg,B
232.jpg,B
233.jpg,B
234.jpg,B
235.jpg,B
236.jpg,B
237.jpg,B
238.jpg,B
239.jpg,B
240.jpg,B
241.jpg,B
242.jpg,B
243.jpg,B
244.jpg,B
245.jpg,B
246.jpg,B
247.jpg,B
248.jpg,B
249.jpg,B
250.jpg,B
251.jpg,B
252.jpg,B
253.jpg,B
254.jpg,B
255.jpg,B
256.jpg,B
257.jpg,B
258.jpg,B
259.jpg,B
260.jpg,B
261.jpg,B
262.jpg,B
263.jpg,B
264.jpg,B
265.jpg,B
266.jpg,B
267.jpg,B
268.jpg,B
269.jpg,B
270.jpg,B
271.jpg,B
272.jpg,B
273.jpg,B
274.jpg,B
275.jpg,B
276.jpg,B
277.jpg,B
278.jpg,B
279.jpg,B
280.jpg,B
281.jpg,B
282.jpg,B
283.jpg,B
284.jpg,B
285.jpg,B
286.jpg,B
287.jpg,B
288.jpg,B
289.jpg,B
290.jpg,B
291.jpg,B
292.jpg,B
293.jpg,B
294.jpg,B
295.jpg,B
296.jpg,B
297.jpg,B
298.jpg,B
299.jpg,B
300.jpg,C
301.jpg,C
302.jpg,C
303.jpg,C
304.jpg,C
305.jpg,C
306.jpg,C
307.jpg,C
308.jpg,C
309.jpg,C
310.jpg,C
311.jpg,C
312.jpg,C
313.jpg,C
314.jpg,C
315.jpg,C
316.jpg,C
317.jpg,C
318.jpg,C
319.jpg,C
320.jpg,C
321.jpg,C
322.jpg,C
323.jpg,C
324.jpg,C
325.jpg,C
326.jpg,C
327.jpg,C
328.jpg,C
329.jpg,C
330.jpg,C
331.jpg,C
332.jpg,C
333.jpg,C
334.jpg,C
335.jpg,C
336.jpg,C
337.jpg,C
338.jpg,C
339.jpg,C
340.jpg,C
341.jpg,C
342.jpg,C
343.jpg,C
344.jpg,C
345.jpg,C
346.jpg,C
347.jpg,C
348.jpg,C
349.jpg,C
350.jpg,C
351.jpg,C
352.jpg,C
353.jpg,C
354.jpg,C
355.jpg,C
356.jpg,C
357.jpg,C
358.jpg,C
359.jpg,C
360.jpg,C
361.jpg,C
362.jpg,C
363.jpg,C
364.jpg,C
365.jpg,C
366.jpg,C
367.jpg,C
368.jpg,C
369.jpg,C
370.jpg,C
371.jpg,C
372.jpg,C
373.jpg,C
374.jpg,C
375.jpg,C
376.jpg,C
377.jpg,C
378.jpg,C
379.jpg,C
380.jpg,C
381.jpg,C
382.jpg,C
383.jpg,C
384.jpg,C
385.jpg,C
386.jpg,C
387.jpg,C
388.jpg,C
389.jpg,C
390.jpg,C
391.jpg,C
392.jpg,C
393.jpg,C
394.jpg,C
395.jpg,C
396.jpg,C
397.jpg,C
398.jpg,C
399.jpg,C
400.jpg,D
401.jpg,D
402.jpg,D
403.jpg,D
404.jpg,D
405.jpg,D
406.jpg,D
407.jpg,D
408.jpg,D
409.jpg,D
410.jpg,D
411.jpg,D
412.jpg,D
413.jpg,D
414.jpg,D
415.jpg,D
416.jpg,D
417.jpg,D
418.jpg,D
419.jpg,D
420.jpg,D
421.jpg,D
422.jpg,D
423.jpg,D
424.jpg,D
425.jpg,D
426.jpg,D
427.jpg,D
428.jpg,D
429.jpg,D
430.jpg,D
431.jpg,D
432.jpg,D
433.jpg,D
434.jpg,D
435.jpg,D
436.jpg,D
437.jpg,D
438.jpg,D
439.jpg,D
440.jpg,D
441.jpg,D
442.jpg,D
443.jpg,D
444.jpg,D
445.jpg,D
446.jpg,D
447.jpg,D
448.jpg,D
449.jpg,D
450.jpg,D
451.jpg,D
452.jpg,D
453.jpg,D
454.jpg,D
455.jpg,D
456.jpg,D
457.jpg,D
458.jpg,D
459.jpg,D
460.jpg,D
461.jpg,D
462.jpg,D
463.jpg,D
464.jpg,D
465.jpg,D
466.jpg,D
467.jpg,D
468.jpg,D
469.jpg,D
470.jpg,D
471.jpg,D
472.jpg,D
473.jpg,D
474.jpg,D
475.jpg,D
476.jpg,D
477.jpg,D
478.jpg,D
479.jpg,D
480.jpg,D
481.jpg,D
482.jpg,D
483.jpg,D
484.jpg,D
485.jpg,D
486.jpg,D
487.jpg,D
488.jpg,D
489.jpg,D
490.jpg,D
491.jpg,D
492.jpg,D
493.jpg,D
494.jpg,D
495.jpg,D
496.jpg,D
497.jpg,D
498.jpg,D
499.jpg,D
500.jpg,E
501.jpg,E
502.jpg,E
503.jpg,E
504.jpg,E
505.jpg,E
506.jpg,E
507.jpg,E
508.jpg,E
509.jpg,E
510.jpg,E
511.jpg,E
512.jpg,E
513.jpg,E
514.jpg,E
515.jpg,E
516.jpg,E
517.jpg,E
518.jpg,E
519.jpg,E
520.jpg,E
521.jpg,E
522.jpg,E
523.jpg,E
524.jpg,E
525.jpg,E
526.jpg,E
527.jpg,E
528.jpg,E
529.jpg,E
530.jpg,E
531.jpg,E
532.jpg,E
533.jpg,E
534.jpg,E
535.jpg,E
536.jpg,E
537.jpg,E
538.jpg,E
539.jpg,E
540.jpg,E
541.jpg,E
542.jpg,E
543.jpg,E
544.jpg,E
545.jpg,E
546.jpg,E
547.jpg,E
548.jpg,E
549.jpg,E
550.jpg,E
551.jpg,E
552.jpg,E
553.jpg,E
554.jpg,E
555.jpg,E
556.jpg,E
557.jpg,E
558.jpg,E
559.jpg,E
560.jpg,E
561.jpg,E
562.jpg,E
563.jpg,E
564.jpg,E
565.jpg,E
566.jpg,E
567.jpg,E
568.jpg,E
569.jpg,E
570.jpg,E
571.jpg,E
572.jpg,E
573.jpg,E
574.jpg,E
575.jpg,E
576.jpg,E
577.jpg,E
578.jpg,E
579.jpg,E
580.jpg,E
581.jpg,E
582.jpg,E
583.jpg,E
584.jpg,E
585.jpg,E
586.jpg,E
587.jpg,E
588.jpg,E
589.jpg,E
590.jpg,E
591.jpg,E
592.jpg,E
593.jpg,E
594.jpg,E
595.jpg,E
596.jpg,E
597.jpg,E
598.jpg,E
599.jpg,E
600.jpg,F
601.jpg,F
602.jpg,F
603.jpg,F
604.jpg,F
605.jpg,F
606.jpg,F
607.jpg,F
608.jpg,F
609.jpg,F
610.jpg,F
611.jpg,F
612.jpg,F
613.jpg,F
614.jpg,F
615.jpg,F
616.jpg,F
617.jpg,F
618.jpg,F
619.jpg,F
620.jpg,F
621.jpg,F
622.jpg,F
623.jpg,F
624.jpg,F
625.jpg,F
626.jpg,F
627.jpg,F
628.jpg,F
629.jpg,F
630.jpg,F
631.jpg,F
632.jpg,F
633.jpg,F
634.jpg,F
635.jpg,F
636.jpg,F
637.jpg,F
638.jpg,F
639.jpg,F
640.jpg,F
641.jpg,F
642.jpg,F
643.jpg,F
644.jpg,F
645.jpg,F
646.jpg,F
647.jpg,F
648.jpg,F
649.jpg,F
650.jpg,F
651.jpg,F
652.jpg,F
653.jpg,F
654.jpg,F
655.jpg,F
656.jpg,F
657.jpg,F
658.jpg,F
659.jpg,F
660.jpg,F
661.jpg,F
662.jpg,F
663.jpg,F
664.jpg,F
665.jpg,F
666.jpg,F
667.jpg,F
668.jpg,F
669.jpg,F
670.jpg,F
671.jpg,F
672.jpg,F
673.jpg,F
674.jpg,F
675.jpg,F
676.jpg,F
677.jpg,F
678.jpg,F
679.jpg,F
680.jpg,F
681.jpg,F
682.jpg,F
683.jpg,F
684.jpg,F
685.jpg,F
686.jpg,F
687.jpg,F
688.jpg,F
689.jpg,F
690.jpg,F
691.jpg,F
692.jpg,F
693.jpg,F
694.jpg,F
695.jpg,F
696.jpg,F
697.jpg,F
698.jpg,F
699.jpg,F
700.jpg,G
701.jpg,G
702.jpg,G
703.jpg,G
704.jpg,G
705.jpg,G
706.jpg,G
707.jpg,G
708.jpg,G
709.jpg,G
710.jpg,G
711.jpg,G
712.jpg,G
713.jpg,G
714.jpg,G
715.jpg,G
716.jpg,G
717.jpg,G
718.jpg,G
719.jpg,G
720.jpg,G
721.jpg,G
722.jpg,G
723.jpg,G
724.jpg,G
725.jpg,G
726.jpg,G
727.jpg,G
728.jpg,G
729.jpg,G
730.jpg,G
731.jpg,G
732.jpg,G
733.jpg,G
734.jpg,G
735.jpg,G
736.jpg,G
737.jpg,G
738.jpg,G
739.jpg,G
740.jpg,G
741.jpg,G
742.jpg,G
743.jpg,G
744.jpg,G
745.jpg,G
746.jpg,G
747.jpg,G
748.jpg,G
749.jpg,G
750.jpg,G
751.jpg,G
752.jpg,G
753.jpg,G
754.jpg,G
755.jpg,G
756.jpg,G
757.jpg,G
758.jpg,G
759.jpg,G
760.jpg,G
761.jpg,G
762.jpg,G
763.jpg,G
764.jpg,G
765.jpg,G
766.jpg,G
767.jpg,G
768.jpg,G
769.jpg,G
770.jpg,G
771.jpg,G
772.jpg,G
773.jpg,G
774.jpg,G
775.jpg,G
776.jpg,G
777.jpg,G
778.jpg,G
779.jpg,G
780.jpg,G
781.jpg,G
782.jpg,G
783.jpg,G
784.jpg,G
785.jpg,G
786.jpg,G
787.jpg,G
788.jpg,G
789.jpg,G
790.jpg,G
791.jpg,G
792.jpg,G
793.jpg,G
794.jpg,G
795.jpg,G
796.jpg,G
797.jpg,G
798.jpg,G
799.jpg,G
800.jpg,H
801.jpg,H
802.jpg,H
803.jpg,H
804.jpg,H
805.jpg,H
806.jpg,H
807.jpg,H
808.jpg,H
809.jpg,H
810.jpg,H
811.jpg,H
812.jpg,H
813.jpg,H
814.jpg,H
815.jpg,H
816.jpg,H
817.jpg,H
818.jpg,H
819.jpg,H
820.jpg,H
821.jpg,H
822.jpg,H
823.jpg,H
824.jpg,H
825.jpg,H
826.jpg,H
827.jpg,H
828.jpg,H
829.jpg,H
830.jpg,H
831.jpg,H
832.jpg,H
833.jpg,H
834.jpg,H
835.jpg,H
836.jpg,H
837.jpg,H
838.jpg,H
839.jpg,H
840.jpg,H
841.jpg,H
842.jpg,H
843.jpg,H
844.jpg,H
845.jpg,H
846.jpg,H
847.jpg,H
848.jpg,H
849.jpg,H
850.jpg,H
851.jpg,H
852.jpg,H
853.jpg,H
854.jpg,H
855.jpg,H
856.jpg,H
857.jpg,H
858.jpg,H
859.jpg,H
860.jpg,H
861.jpg,H
862.jpg,H
863.jpg,H
864.jpg,H
865.jpg,H
866.jpg,H
867.jpg,H
868.jpg,H
869.jpg,H
870.jpg,H
871.jpg,H
872.jpg,H
873.jpg,H
874.jpg,H
875.jpg,H
876.jpg,H
877.jpg,H
878.jpg,H
879.jpg,H
880.jpg,H
881.jpg,H
882.jpg,H
883.jpg,H
884.jpg,H
885.jpg,H
886.jpg,H
887.jpg,H
888.jpg,H
889.jpg,H
890.jpg,H
891.jpg,H
892.jpg,H
893.jpg,H
894.jpg,H
895.jpg,H
896.jpg,H
897.jpg,H
898.jpg,H
899.jpg,H
900.jpg,I
901.jpg,I
902.jpg,I
903.jpg,I
904.jpg,I
905.jpg,I
906.jpg,I
907.jpg,I
908.jpg,I
909.jpg,I
910.jpg,I
911.jpg,I
912.jpg,I
913.jpg,I
914.jpg,I
915.jpg,I
916.jpg,I
917.jpg,I
918.jpg,I
919.jpg,I
920.jpg,I
921.jpg,I
922.jpg,I
923.jpg,I
924.jpg,I
925.jpg,I
926.jpg,I
927.jpg,I
928.jpg,I
929.jpg,I
930.jpg,I
931.jpg,I
932.jpg,I
933.jpg,I
934.jpg,I
935.jpg,I
936.jpg,I
937.jpg,I
938.jpg,I
939.jpg,I
940.jpg,I
941.jpg,I
942.jpg,I
943.jpg,I
944.jpg,I
945.jpg,I
946.jpg,I
947.jpg,I
948.jpg,I
949.jpg,I
950.jpg,I
951.jpg,I
952.jpg,I
953.jpg,I
954.jpg,I
955.jpg,I
956.jpg,I
957.jpg,I
958.jpg,I
959.jpg,I
960.jpg,I
961.jpg,I
962.jpg,I
963.jpg,I
964.jpg,I
965.jpg,I
966.jpg,I
967.jpg,I
968.jpg,I
969.jpg,I
970.jpg,I
971.jpg,I
972.jpg,I
973.jpg,I
974.jpg,I
975.jpg,I
976.jpg,I
977.jpg,I
978.jpg,I
979.jpg,I
980.jpg,I
981.jpg,I
982.jpg,I
983.jpg,I
984.jpg,I
985.jpg,I
986.jpg,I
987.jpg,I
988.jpg,I
989.jpg,I
990.jpg,I
991.jpg,I
992.jpg,I
993.jpg,I
994.jpg,I
995.jpg,I
996.jpg,I
997.jpg,I
998.jpg,I
999.jpg,I
1000.jpg,K
1001.jpg,K
1002.jpg,K
1003.jpg,K
1004.jpg,K
1005.jpg,K
1006.jpg,K
1007.jpg,K
1008.jpg,K
1009.jpg,K
1010.jpg,K
1011.jpg,K
1012.jpg,K
1013.jpg,K
1014.jpg,K
1015.jpg,K
1016.jpg,K
1017.jpg,K
1018.jpg,K
1019.jpg,K
1020.jpg,K
1021.jpg,K
1022.jpg,K
1023.jpg,K
1024.jpg,K
1025.jpg,K
1026.jpg,K
1027.jpg,K
1028.jpg,K
1029.jpg,K
1030.jpg,K
1031.jpg,K
1032.jpg,K
1033.jpg,K
1034.jpg,K
1035.jpg,K
1036.jpg,K
1037.jpg,K
1038.jpg,K
1039.jpg,K
1040.jpg,K
1041.jpg,K
1042.jpg,K
1043.jpg,K
1044.jpg,K
1045.jpg,K
1046.jpg,K
1047.jpg,K
1048.jpg,K
1049.jpg,K
1050.jpg,K
1051.jpg,K
1052.jpg,K
1053.jpg,K
1054.jpg,K
1055.jpg,K
1056.jpg,K
1057.jpg,K
1058.jpg,K
1059.jpg,K
1060.jpg,K
1061.jpg,K
1062.jpg,K
1063.jpg,K
1064.jpg,K
1065.jpg,K
1066.jpg,K
1067.jpg,K
1068.jpg,K
1069.jpg,K
1070.jpg,K
1071.jpg,K
1072.jpg,K
1073.jpg,K
1074.jpg,K
1075.jpg,K
1076.jpg,K
1077.jpg,K
1078.jpg,K
1079.jpg,K
1080.jpg,K
1081.jpg,K
1082.jpg,K
1083.jpg,K
1084.jpg,K
1085.jpg,K
1086.jpg,K
1087.jpg,K
1088.jpg,K
1089.jpg,K
1090.jpg,K
1091.jpg,K
1092.jpg,K
1093.jpg,K
1094.jpg,K
1095.jpg,K
1096.jpg,K
1097.jpg,K
1098.jpg,K
1099.jpg,K
1100.jpg,L
1101.jpg,L
1102.jpg,L
1103.jpg,L
1104.jpg,L
1105.jpg,L
1106.jpg,L
1107.jpg,L
1108.jpg,L
1109.jpg,L
1110.jpg,L
1111.jpg,L
1112.jpg,L
1113.jpg,L
1114.jpg,L
1115.jpg,L
1116.jpg,L
1117.jpg,L
1118.jpg,L
1119.jpg,L
1120.jpg,L
1121.jpg,L
1122.jpg,L
1123.jpg,L
1124.jpg,L
1125.jpg,L
1126.jpg,L
1127.jpg,L
1128.jpg,L
1129.jpg,L
1130.jpg,L
1131.jpg,L
1132.jpg,L
1133.jpg,L
1134.jpg,L
1135.jpg,L
1136.jpg,L
1137.jpg,L
1138.jpg,L
1139.jpg,L
1140.jpg,L
1141.jpg,L
1142.jpg,L
1143.jpg,L
1144.jpg,L
1145.jpg,L
1146.jpg,L
1147.jpg,L
1148.jpg,L
1149.jpg,L
1150.jpg,L
1151.jpg,L
1152.jpg,L
1153.jpg,L
1154.jpg,L
1155.jpg,L
1156.jpg,L
1157.jpg,L
1158.jpg,L
1159.jpg,L
1160.jpg,L
1161.jpg,L
1162.jpg,L
1163.jpg,L
1164.jpg,L
1165.jpg,L
1166.jpg,L
1167.jpg,L
1168.jpg,L
1169.jpg,L
1170.jpg,L
1171.jpg,L
1172.jpg,L
1173.jpg,L
1174.jpg,L
1175.jpg,L
1176.jpg,L
1177.jpg,L
1178.jpg,L
1179.jpg,L
1180.jpg,L
1181.jpg,L
1182.jpg,L
1183.jpg,L
1184.jpg,L
1185.jpg,L
1186.jpg,L
1187.jpg,L
1188.jpg,L
1189.jpg,L
1190.jpg,L
1191.jpg,L
1192.jpg,L
1193.jpg,L
1194.jpg,L
1195.jpg,L
1196.jpg,L
1197.jpg,L
1198.jpg,L
1199.jpg,L
1200.jpg,M
1201.jpg,M
1202.jpg,M
1203.jpg,M
1204.jpg,M
1205.jpg,M
1206.jpg,M
1207.jpg,M
1208.jpg,M
1209.jpg,M
1210.jpg,M
1211.jpg,M
1212.jpg,M
1213.jpg,M
1214.jpg,M
1215.jpg,M
1216.jpg,M
1217.jpg,M
1218.jpg,M
1219.jpg,M
1220.jpg,M
1221.jpg,M
1222.jpg,M
1223.jpg,M
1224.jpg,M
1225.jpg,M
1226.jpg,M
1227.jpg,M
1228.jpg,M
1229.jpg,M
1230.jpg,M
1231.jpg,M
1232.jpg,M
1233.jpg,M
1234.jpg,M
1235.jpg,M
1236.jpg,M
1237.jpg,M
1238.jpg,M
1239.jpg,M
1240.jpg,M
1241.jpg,M
1242.jpg,M
1243.jpg,M
1244.jpg,M
1245.jpg,M
1246.jpg,M
1247.jpg,M
1248.jpg,M
1249.jpg,M
1250.jpg,M
1251.jpg,M
1252.jpg,M
1253.jpg,M
1254.jpg,M
1255.jpg,M
1256.jpg,M
1257.jpg,M
1258.jpg,M
1259.jpg,M
1260.jpg,M
1261.jpg,M
1262.jpg,M
1263.jpg,M
1264.jpg,M
1265.jpg,M
1266.jpg,M
1267.jpg,M
1268.jpg,M
1269.jpg,M
1270.jpg,M
1271.jpg,M
1272.jpg,M
1273.jpg,M
1274.jpg,M
1275.jpg,M
1276.jpg,M
1277.jpg,M
1278.jpg,M
1279.jpg,M
1280.jpg,M
1281.jpg,M
1282.jpg,M
1283.jpg,M
1284.jpg,M
1285.jpg,M
1286.jpg,M
1287.jpg,M
1288.jpg,M
1289.jpg,M
1290.jpg,M
1291.jpg,M
1292.jpg,M
1293.jpg,M
1294.jpg,M
1295.jpg,M
1296.jpg,M
1297.jpg,M
1298.jpg,M
1299.jpg,M
1300.jpg,N
1301.jpg,N
1302.jpg,N
1303.jpg,N
1304.jpg,N
1305.jpg,N
1306.jpg,N
1307.jpg,N
1308.jpg,N
1309.jpg,N
1310.jpg,N
1311.jpg,N
1312.jpg,N
1313.jpg,N
1314.jpg,N
1315.jpg,N
1316.jpg,N
1317.jpg,N
1318.jpg,N
1319.jpg,N
1320.jpg,N
1321.jpg,N
1322.jpg,N
1323.jpg,N
1324.jpg,N
1325.jpg,N
1326.jpg,N
1327.jpg,N
1328.jpg,N
1329.jpg,N
1330.jpg,N
1331.jpg,N
1332.jpg,N
1333.jpg,N
1334.jpg,N
1335.jpg,N
1336.jpg,N
1337.jpg,N
1338.jpg,N
1339.jpg,N
1340.jpg,N
1341.jpg,N
1342.jpg,N
1343.jpg,N
1344.jpg,N
1345.jpg,N
1346.jpg,N
1347.jpg,N
1348.jpg,N
1349.jpg,N
1350.jpg,N
1351.jpg,N
1352.jpg,N
1353.jpg,N
1354.jpg,N
1355.jpg,N
1356.jpg,N
1357.jpg,N
1358.jpg,N
1359.jpg,N
1360.jpg,N
1361.jpg,N
1362.jpg,N
1363.jpg,N
1364.jpg,N
1365.jpg,N
1366.jpg,N
1367.jpg,N
1368.jpg,N
1369.jpg,N
1370.jpg,N
1371.jpg,N
1372.jpg,N
1373.jpg,N
1374.jpg,N
1375.jpg,N
1376.jpg,N
1377.jpg,N
1378.jpg,N
1379.jpg,N
1380.jpg,N
1381.jpg,N
1382.jpg,N
1383.jpg,N
1384.jpg,N
1385.jpg,N
1386.jpg,N
1387.jpg,N
1388.jpg,N
1389.jpg,N
1390.jpg,N
1391.jpg,N
1392.jpg,N
1393.jpg,N
1394.jpg,N
1395.jpg,N
1396.jpg,N
1397.jpg,N
1398.jpg,N
1399.jpg,N
1400.jpg,O
1401.jpg,O
1402.jpg,O
1403.jpg,O
1404.jpg,O
1405.jpg,O
1406.jpg,O
1407.jpg,O
1408.jpg,O
1409.jpg,O
1410.jpg,O
1411.jpg,O
1412.jpg,O
1413.jpg,O
1414.jpg,O
1415.jpg,O
1416.jpg,O
1417.jpg,O
1418.jpg,O
1419.jpg,O
1420.jpg,O
1421.jpg,O
1422.jpg,O
1423.jpg,O
1424.jpg,O
1425.jpg,O
1426.jpg,O
1427.jpg,O
1428.jpg,O
1429.jpg,O
1430.jpg,O
1431.jpg,O
1432.jpg,O
1433.jpg,O
1434.jpg,O
1435.jpg,O
1436.jpg,O
1437.jpg,O
1438.jpg,O
1439.jpg,O
1440.jpg,O
1441.jpg,O
1442.jpg,O
1443.jpg,O
1444.jpg,O
1445.jpg,O
1446.jpg,O
1447.jpg,O
1448.jpg,O
1449.jpg,O
1450.jpg,O
1451.jpg,O
1452.jpg,O
1453.jpg,O
1454.jpg,O
1455.jpg,O
1456.jpg,O
1457.jpg,O
1458.jpg,O
1459.jpg,O
1460.jpg,O
1461.jpg,O
1462.jpg,O
1463.jpg,O
1464.jpg,O
1465.jpg,O
1466.jpg,O
1467.jpg,O
1468.jpg,O
1469.jpg,O
1470.jpg,O
1471.jpg,O
1472.jpg,O
1473.jpg,O
1474.jpg,O
1475.jpg,O
1476.jpg,O
1477.jpg,O
1478.jpg,O
1479.jpg,O
1480.jpg,O
1481.jpg,O
1482.jpg,O
1483.jpg,O
1484.jpg,O
1485.jpg,O
1486.jpg,O
1487.jpg,O
1488.jpg,O
1489.jpg,O
1490.jpg,O
1491.jpg,O
1492.jpg,O
1493.jpg,O
1494.jpg,O
1495.jpg,O
1496.jpg,O
1497.jpg,O
1498.jpg,O
1499.jpg,O
1500.jpg,P
1501.jpg,P
1502.jpg,P
1503.jpg,P
1504.jpg,P
1505.jpg,P
1506.jpg,P
1507.jpg,P
1508.jpg,P
1509.jpg,P
1510.jpg,P
1511.jpg,P
1512.jpg,P
1513.jpg,P
1514.jpg,P
1515.jpg,P
1516.jpg,P
1517.jpg,P
1518.jpg,P
1519.jpg,P
1520.jpg,P
1521.jpg,P
1522.jpg,P
1523.jpg,P
1524.jpg,P
1525.jpg,P
1526.jpg,P
1527.jpg,P
1528.jpg,P
1529.jpg,P
1530.jpg,P
1531.jpg,P
1532.jpg,P
1533.jpg,P
1534.jpg,P
1535.jpg,P
1536.jpg,P
1537.jpg,P
1538.jpg,P
1539.jpg,P
1540.jpg,P
1541.jpg,P
1542.jpg,P
1543.jpg,P
1544.jpg,P
1545.jpg,P
1546.jpg,P
1547.jpg,P
1548.jpg,P
1549.jpg,P
1550.jpg,P
1551.jpg,P
1552.jpg,P
1553.jpg,P
1554.jpg,P
1555.jpg,P
1556.jpg,P
1557.jpg,P
1558.jpg,P
1559.jpg,P
1560.jpg,P
1561.jpg,P
1562.jpg,P
1563.jpg,P
1564.jpg,P
1565.jpg,P
1566.jpg,P
1567.jpg,P
1568.jpg,P
1569.jpg,P
1570.jpg,P
1571.jpg,P
1572.jpg,P
1573.jpg,P
1574.jpg,P
1575.jpg,P
1576.jpg,P
1577.jpg,P
1578.jpg,P
1579.jpg,P
1580.jpg,P
1581.jpg,P
1582.jpg,P
1583.jpg,P
1584.jpg,P
1585.jpg,P
1586.jpg,P
1587.jpg,P
1588.jpg,P
1589.jpg,P
1590.jpg,P
1591.jpg,P
1592.jpg,P
1593.jpg,P
1594.jpg,P
1595.jpg,P
1596.jpg,P
1597.jpg,P
1598.jpg,P
1599.jpg,P
1600.jpg,Q
1601.jpg,Q
1602.jpg,Q
1603.jpg,Q
1604.jpg,Q
1605.jpg,Q
1606.jpg,Q
1607.jpg,Q
1608.jpg,Q
1609.jpg,Q
1610.jpg,Q
1611.jpg,Q
1612.jpg,Q
1613.jpg,Q
1614.jpg,Q
1615.jpg,Q
1616.jpg,Q
1617.jpg,Q
1618.jpg,Q
1619.jpg,Q
1620.jpg,Q
1621.jpg,Q
1622.jpg,Q
1623.jpg,Q
1624.jpg,Q
1625.jpg,Q
1626.jpg,Q
1627.jpg,Q
1628.jpg,Q
1629.jpg,Q
1630.jpg,Q
1631.jpg,Q
1632.jpg,Q
1633.jpg,Q
1634.jpg,Q
1635.jpg,Q
1636.jpg,Q
1637.jpg,Q
1638.jpg,Q
1639.jpg,Q
1640.jpg,Q
1641.jpg,Q
1642.jpg,Q
1643.jpg,Q
1644.jpg,Q
1645.jpg,Q
1646.jpg,Q
1647.jpg,Q
1648.jpg,Q
1649.jpg,Q
1650.jpg,Q
1651.jpg,Q
1652.jpg,Q
1653.jpg,Q
1654.jpg,Q
1655.jpg,Q
1656.jpg,Q
1657.jpg,Q
1658.jpg,Q
1659.jpg,Q
1660.jpg,Q
1661.jpg,Q
1662.jpg,Q
1663.jpg,Q
1664.jpg,Q
1665.jpg,Q
1666.jpg,Q
1667.jpg,Q
1668.jpg,Q
1669.jpg,Q
1670.jpg,Q
1671.jpg,Q
1672.jpg,Q
1673.jpg,Q
1674.jpg,Q
1675.jpg,Q
1676.jpg,Q
1677.jpg,Q
1678.jpg,Q
1679.jpg,Q
1680.jpg,Q
1681.jpg,Q
1682.jpg,Q
1683.jpg,Q
1684.jpg,Q
1685.jpg,Q
1686.jpg,Q
1687.jpg,Q
1688.jpg,Q
1689.jpg,Q
1690.jpg,Q
1691.jpg,Q
1692.jpg,Q
1693.jpg,Q
1694.jpg,Q
1695.jpg,Q
1696.jpg,Q
1697.jpg,Q
1698.jpg,Q
1699.jpg,Q
1700.jpg,Q
1701.jpg,Q
1702.jpg,Q
1703.jpg,Q
1704.jpg,Q
1705.jpg,Q
1706.jpg,Q
1707.jpg,Q
1708.jpg,Q
1709.jpg,Q
1710.jpg,Q
1711.jpg,Q
1712.jpg,Q
1713.jpg,Q
1714.jpg,Q
1715.jpg,Q
1716.jpg,Q
1717.jpg,Q
1718.jpg,Q
1719.jpg,Q
1720.jpg,Q
1721.jpg,Q
1722.jpg,Q
1723.jpg,Q
1724.jpg,Q
1725.jpg,Q
1726.jpg,Q
1727.jpg,Q
1728.jpg,Q
1729.jpg,Q
1730.jpg,Q
1731.jpg,Q
1732.jpg,Q
1733.jpg,Q
1734.jpg,Q
1735.jpg,Q
1736.jpg,Q
1737.jpg,Q
1738.jpg,Q
1739.jpg,Q
1740.jpg,Q
1741.jpg,Q
1742.jpg,Q
1743.jpg,Q
1744.jpg,Q
1745.jpg,Q
1746.jpg,Q
1747.jpg,Q
1748.jpg,Q
1749.jpg,Q
1750.jpg,Q
1751.jpg,Q
1752.jpg,Q
1753.jpg,Q
1754.jpg,Q
1755.jpg,Q
1756.jpg,Q
1757.jpg,Q
1758.jpg,Q
1759.jpg,Q
1760.jpg,Q
1761.jpg,Q
1762.jpg,Q
1763.jpg,Q
1764.jpg,Q
1765.jpg,Q
1766.jpg,Q
1767.jpg,Q
1768.jpg,Q
1769.jpg,Q
1770.jpg,Q
1771.jpg,Q
1772.jpg,Q
1773.jpg,Q
1774.jpg,Q
1775.jpg,Q
1776.jpg,Q
1777.jpg,Q
1778.jpg,Q
1779.jpg,Q
1780.jpg,Q
1781.jpg,Q
1782.jpg,Q
1783.jpg,Q
1784.jpg,Q
1785.jpg,Q
1786.jpg,Q
1787.jpg,Q
1788.jpg,Q
1789.jpg,Q
1790.jpg,Q
1791.jpg,Q
1792.jpg,Q
1793.jpg,Q
1794.jpg,Q
1795.jpg,Q
1796.jpg,Q
1797.jpg,Q
1798.jpg,Q
1799.jpg,Q
1800.jpg,R
1801.jpg,R
1802.jpg,R
1803.jpg,R
1804.jpg,R
1805.jpg,R
1806.jpg,R
1807.jpg,R
1808.jpg,R
1809.jpg,R
1810.jpg,R
1811.jpg,R
1812.jpg,R
1813.jpg,R
1814.jpg,R
1815.jpg,R
1816.jpg,R
1817.jpg,R
1818.jpg,R
1819.jpg,R
1820.jpg,R
1821.jpg,R
1822.jpg,R
1823.jpg,R
1824.jpg,R
1825.jpg,R
1826.jpg,R
1827.jpg,R
1828.jpg,R
1829.jpg,R
1830.jpg,R
1831.jpg,R
1832.jpg,R
1833.jpg,R
1834.jpg,R
1835.jpg,R
1836.jpg,R
1837.jpg,R
1838.jpg,R
1839.jpg,R
1840.jpg,R
1841.jpg,R
1842.jpg,R
1843.jpg,R
1844.jpg,R
1845.jpg,R
1846.jpg,R
1847.jpg,R
1848.jpg,R
1849.jpg,R
1850.jpg,R
1851.jpg,R
1852.jpg,R
1853.jpg,R
1854.jpg,R
1855.jpg,R
1856.jpg,R
1857.jpg,R
1858.jpg,R
1859.jpg,R
1860.jpg,R
1861.jpg,R
1862.jpg,R
1863.jpg,R
1864.jpg,R
1865.jpg,R
1866.jpg,R
1867.jpg,R
1868.jpg,R
1869.jpg,R
1870.jpg,R
1871.jpg,R
1872.jpg,R
1873.jpg,R
1874.jpg,R
1875.jpg,R
1876.jpg,R
1877.jpg,R
1878.jpg,R
1879.jpg,R
1880.jpg,R
1881.jpg,R
1882.jpg,R
1883.jpg,R
1884.jpg,R
1885.jpg,R
1886.jpg,R
1887.jpg,R
1888.jpg,R
1889.jpg,R
1890.jpg,R
1891.jpg,R
1892.jpg,R
1893.jpg,R
1894.jpg,R
1895.jpg,R
1896.jpg,R
1897.jpg,R
1898.jpg,R
1899.jpg,R
1900.jpg,S
1901.jpg,S
1902.jpg,S
1903.jpg,S
1904.jpg,S
1905.jpg,S
1906.jpg,S
1907.jpg,S
1908.jpg,S
1909.jpg,S
1910.jpg,S
1911.jpg,S
1912.jpg,S
1913.jpg,S
1914.jpg,S
1915.jpg,S
1916.jpg,S
1917.jpg,S
1918.jpg,S
1919.jpg,S
1920.jpg,S
1921.jpg,S
1922.jpg,S
1923.jpg,S
1924.jpg,S
1925.jpg,S
1926.jpg,S
1927.jpg,S
1928.jpg,S
1929.jpg,S
1930.jpg,S
1931.jpg,S
1932.jpg,S
1933.jpg,S
1934.jpg,S
1935.jpg,S
1936.jpg,S
1937.jpg,S
1938.jpg,S
1939.jpg,S
1940.jpg,S
1941.jpg,S
1942.jpg,S
1943.jpg,S
1944.jpg,S
1945.jpg,S
1946.jpg,S
1947.jpg,S
1948.jpg,S
1949.jpg,S
1950.jpg,S
1951.jpg,S
1952.jpg,S
1953.jpg,S
1954.jpg,S
1955.jpg,S
1956.jpg,S
1957.jpg,S
1958.jpg,S
1959.jpg,S
1960.jpg,S
1961.jpg,S
1962.jpg,S
1963.jpg,S
1964.jpg,S
1965.jpg,S
1966.jpg,S
1967.jpg,S
1968.jpg,S
1969.jpg,S
1970.jpg,S
1971.jpg,S
1972.jpg,S
1973.jpg,S
1974.jpg,S
1975.jpg,S
1976.jpg,S
1977.jpg,S
1978.jpg,S
1979.jpg,S
1980.jpg,S
1981.jpg,S
1982.jpg,S
1983.jpg,S
1984.jpg,S
1985.jpg,S
1986.jpg,S
1987.jpg,S
1988.jpg,S
1989.jpg,S
1990.jpg,S
1991.jpg,S
1992.jpg,S
1993.jpg,S
1994.jpg,S
1995.jpg,S
1996.jpg,S
1997.jpg,S
1998.jpg,S
1999.jpg,S
2000.jpg,T
2001.jpg,T
2002.jpg,T
2003.jpg,T
2004.jpg,T
2005.jpg,T
2006.jpg,T
2007.jpg,T
2008.jpg,T
2009.jpg,T
2010.jpg,T
2011.jpg,T
2012.jpg,T
2013.jpg,T
2014.jpg,T
2015.jpg,T
2016.jpg,T
2017.jpg,T
2018.jpg,T
2019.jpg,T
2020.jpg,T
2021.jpg,T
2022.jpg,T
2023.jpg,T
2024.jpg,T
2025.jpg,T
2026.jpg,T
2027.jpg,T
2028.jpg,T
2029.jpg,T
2030.jpg,T
2031.jpg,T
2032.jpg,T
2033.jpg,T
2034.jpg,T
2035.jpg,T
2036.jpg,T
2037.jpg,T
2038.jpg,T
2039.jpg,T
2040.jpg,T
2041.jpg,T
2042.jpg,T
2043.jpg,T
2044.jpg,T
2045.jpg,T
2046.jpg,T
2047.jpg,T
2048.jpg,T
2049.jpg,T
2050.jpg,T
2051.jpg,T
2052.jpg,T
2053.jpg,T
2054.jpg,T
2055.jpg,T
2056.jpg,T
2057.jpg,T
2058.jpg,T
2059.jpg,T
2060.jpg,T
2061.jpg,T
2062.jpg,T
2063.jpg,T
2064.jpg,T
2065.jpg,T
2066.jpg,T
2067.jpg,T
2068.jpg,T
2069.jpg,T
2070.jpg,T
2071.jpg,T
2072.jpg,T
2073.jpg,T
2074.jpg,T
2075.jpg,T
2076.jpg,T
2077.jpg,T
2078.jpg,T
2079.jpg,T
2080.jpg,T
2081.jpg,T
2082.jpg,T
2083.jpg,T
2084.jpg,T
2085.jpg,T
2086.jpg,T
2087.jpg,T
2088.jpg,T
2089.jpg,T
2090.jpg,T
2091.jpg,T
2092.jpg,T
2093.jpg,T
2094.jpg,T
2095.jpg,T
2096.jpg,T
2097.jpg,T
2098.jpg,T
2099.jpg,T
2100.jpg,U
2101.jpg,U
2102.jpg,U
2103.jpg,U
2104.jpg,U
2105.jpg,U
2106.jpg,U
2107.jpg,U
2108.jpg,U
2109.jpg,U
2110.jpg,U
2111.jpg,U
2112.jpg,U
2113.jpg,U
2114.jpg,U
2115.jpg,U
2116.jpg,U
2117.jpg,U
2118.jpg,U
2119.jpg,U
2120.jpg,U
2121.jpg,U
2122.jpg,U
2123.jpg,U
2124.jpg,U
2125.jpg,U
2126.jpg,U
2127.jpg,U
2128.jpg,U
2129.jpg,U
2130.jpg,U
2131.jpg,U
2132.jpg,U
2133.jpg,U
2134.jpg,U
2135.jpg,U
2136.jpg,U
2137.jpg,U
2138.jpg,U
2139.jpg,U
2140.jpg,U
2141.jpg,U
2142.jpg,U
2143.jpg,U
2144.jpg,U
2145.jpg,U
2146.jpg,U
2147.jpg,U
2148.jpg,U
2149.jpg,U
2150.jpg,U
2151.jpg,U
2152.jpg,U
2153.jpg,U
2154.jpg,U
2155.jpg,U
2156.jpg,U
2157.jpg,U
2158.jpg,U
2159.jpg,U
2160.jpg,U
2161.jpg,U
2162.jpg,U
2163.jpg,U
2164.jpg,U
2165.jpg,U
2166.jpg,U
2167.jpg,U
2168.jpg,U
2169.jpg,U
2170.jpg,U
2171.jpg,U
2172.jpg,U
2173.jpg,U
2174.jpg,U
2175.jpg,U
2176.jpg,U
2177.jpg,U
2178.jpg,U
2179.jpg,U
2180.jpg,U
2181.jpg,U
2182.jpg,U
2183.jpg,U
2184.jpg,U
2185.jpg,U
2186.jpg,U
2187.jpg,U
2188.jpg,U
2189.jpg,U
2190.jpg,U
2191.jpg,U
2192.jpg,U
2193.jpg,U
2194.jpg,U
2195.jpg,U
2196.jpg,U
2197.jpg,U
2198.jpg,U
2199.jpg,U
2200.jpg,V
2201.jpg,V
2202.jpg,V
2203.jpg,V
2204.jpg,V
2205.jpg,V
2206.jpg,V
2207.jpg,V
2208.jpg,V
2209.jpg,V
2210.jpg,V
2211.jpg,V
2212.jpg,V
2213.jpg,V
2214.jpg,V
2215.jpg,V
2216.jpg,V
2217.jpg,V
2218.jpg,V
2219.jpg,V
2220.jpg,V
2221.jpg,V
2222.jpg,V
2223.jpg,V
2224.jpg,V
2225.jpg,V
2226.jpg,V
2227.jpg,V
2228.jpg,V
2229.jpg,V
2230.jpg,V
2231.jpg,V
2232.jpg,V
2233.jpg,V
2234.jpg,V
2235.jpg,V
2236.jpg,V
2237.jpg,V
2238.jpg,V
2239.jpg,V
2240.jpg,V
2241.jpg,V
2242.jpg,V
2243.jpg,V
2244.jpg,V
2245.jpg,V
2246.jpg,V
2247.jpg,V
2248.jpg,V
2249.jpg,V
2250.jpg,V
2251.jpg,V
2252.jpg,V
2253.jpg,V
2254.jpg,V
2255.jpg,V
2256.jpg,V
2257.jpg,V
2258.jpg,V
2259.jpg,V
2260.jpg,V
2261.jpg,V
2262.jpg,V
2263.jpg,V
2264.jpg,V
2265.jpg,V
2266.jpg,V
2267.jpg,V
2268.jpg,V
2269.jpg,V
2270.jpg,V
2271.jpg,V
2272.jpg,V
2273.jpg,V
2274.jpg,V
2275.jpg,V
2276.jpg,V
2277.jpg,V
2278.jpg,V
2279.jpg,V
2280.jpg,V
2281.jpg,V
2282.jpg,V
2283.jpg,V
2284.jpg,V
2285.jpg,V
2286.jpg,V
2287.jpg,V
2288.jpg,V
2289.jpg,V
2290.jpg,V
2291.jpg,V
2292.jpg,V
2293.jpg,V
2294.jpg,V
2295.jpg,V
2296.jpg,V
2297.jpg,V
2298.jpg,V
2299.jpg,V
2300.jpg,W
2301.jpg,W
2302.jpg,W
2303.jpg,W
2304.jpg,W
2305.jpg,W
2306.jpg,W
2307.jpg,W
2308.jpg,W
2309.jpg,W
2310.jpg,W
2311.jpg,W
2312.jpg,W
2313.jpg,W
2314.jpg,W
2315.jpg,W
2316.jpg,W
2317.jpg,W
2318.jpg,W
2319.jpg,W
2320.jpg,W
2321.jpg,W
2322.jpg,W
2323.jpg,W
2324.jpg,W
2325.jpg,W
2326.jpg,W
2327.jpg,W
2328.jpg,W
2329.jpg,W
2330.jpg,W
2331.jpg,W
2332.jpg,W
2333.jpg,W
2334.jpg,W
2335.jpg,W
2336.jpg,W
2337.jpg,W
2338.jpg,W
2339.jpg,W
2340.jpg,W
2341.jpg,W
2342.jpg,W
2343.jpg,W
2344.jpg,W
2345.jpg,W
2346.jpg,W
2347.jpg,W
2348.jpg,W
2349.jpg,W
2350.jpg,W
2351.jpg,W
2352.jpg,W
2353.jpg,W
2354.jpg,W
2355.jpg,W
2356.jpg,W
2357.jpg,W
2358.jpg,W
2359.jpg,W
2360.jpg,W
2361.jpg,W
2362.jpg,W
2363.jpg,W
2364.jpg,W
2365.jpg,W
2366.jpg,W
2367.jpg,W
2368.jpg,W
2369.jpg,W
2370.jpg,W
2371.jpg,W
2372.jpg,W
2373.jpg,W
2374.jpg,W
2375.jpg,W
2376.jpg,W
2377.jpg,W
2378.jpg,W
2379.jpg,W
2380.jpg,W
2381.jpg,W
2382.jpg,W
2383.jpg,W
2384.jpg,W
2385.jpg,W
2386.jpg,W
2387.jpg,W
2388.jpg,W
2389.jpg,W
2390.jpg,W
2391.jpg,W
2392.jpg,W
2393.jpg,W
2394.jpg,W
2395.jpg,W
2396.jpg,W
2397.jpg,W
2398.jpg,W
2399.jpg,W
2400.jpg,X
2401.jpg,X
2402.jpg,X
2403.jpg,X
2404.jpg,X
2405.jpg,X
2406.jpg,X
2407.jpg,X
2408.jpg,X
2409.jpg,X
2410.jpg,X
2411.jpg,X
2412.jpg,X
2413.jpg,X
2414.jpg,X
2415.jpg,X
2416.jpg,X
2417.jpg,X
2418.jpg,X
2419.jpg,X
2420.jpg,X
2421.jpg,X
2422.jpg,X
2423.jpg,X
2424.jpg,X
2425.jpg,X
2426.jpg,X
2427.jpg,X
2428.jpg,X
2429.jpg,X
2430.jpg,X
2431.jpg,X
2432.jpg,X
2433.jpg,X
2434.jpg,X
2435.jpg,X
2436.jpg,X
2437.jpg,X
2438.jpg,X
2439.jpg,X
2440.jpg,X
2441.jpg,X
2442.jpg,X
2443.jpg,X
2444.jpg,X
2445.jpg,X
2446.jpg,X
2447.jpg,X
2448.jpg,X
2449.jpg,X
2450.jpg,X
2451.jpg,X
2452.jpg,X
2453.jpg,X
2454.jpg,X
2455.jpg,X
2456.jpg,X
2457.jpg,X
2458.jpg,X
2459.jpg,X
2460.jpg,X
2461.jpg,X
2462.jpg,X
2463.jpg,X
2464.jpg,X
2465.jpg,X
2466.jpg,X
2467.jpg,X
2468.jpg,X
2469.jpg,X
2470.jpg,X
2471.jpg,X
2472.jpg,X
2473.jpg,X
2474.jpg,X
2475.jpg,X
2476.jpg,X
2477.jpg,X
2478.jpg,X
2479.jpg,X
2480.jpg,X
2481.jpg,X
2482.jpg,X
2483.jpg,X
2484.jpg,X
2485.jpg,X
2486.jpg,X
2487.jpg,X
2488.jpg,X
2489.jpg,X
2490.jpg,X
2491.jpg,X
2492.jpg,X
2493.jpg,X
2494.jpg,X
2495.jpg,X
2496.jpg,X
2497.jpg,X
2498.jpg,X
2499.jpg,X
2500.jpg,Y
2501.jpg,Y
2502.jpg,Y
2503.jpg,Y
2504.jpg,Y
2505.jpg,Y
2506.jpg,Y
2507.jpg,Y
2508.jpg,Y
2509.jpg,Y
2510.jpg,Y
2511.jpg,Y
2512.jpg,Y
2513.jpg,Y
2514.jpg,Y
2515.jpg,Y
2516.jpg,Y
2517.jpg,Y
2518.jpg,Y
2519.jpg,Y
2520.jpg,Y
2521.jpg,Y
2522.jpg,Y
2523.jpg,Y
2524.jpg,Y
2525.jpg,Y
2526.jpg,Y
2527.jpg,Y
2528.jpg,Y
2529.jpg,Y
2530.jpg,Y
2531.jpg,Y
2532.jpg,Y
2533.jpg,Y
2534.jpg,Y
2535.jpg,Y
2536.jpg,Y
2537.jpg,Y
2538.jpg,Y
2539.jpg,Y
2540.jpg,Y
2541.jpg,Y
2542.jpg,Y
2543.jpg,Y
2544.jpg,Y
2545.jpg,Y
2546.jpg,Y
2547.jpg,Y
2548.jpg,Y
2549.jpg,Y
2550.jpg,Y
2551.jpg,Y
2552.jpg,Y
2553.jpg,Y
2554.jpg,Y
2555.jpg,Y
2556.jpg,Y
2557.jpg,Y
2558.jpg,Y
2559.jpg,Y
2560.jpg,Y
2561.jpg,Y
2562.jpg,Y
2563.jpg,Y
2564.jpg,Y
2565.jpg,Y
2566.jpg,Y
2567.jpg,Y
2568.jpg,Y
2569.jpg,Y
2570.jpg,Y
2571.jpg,Y
2572.jpg,Y
2573.jpg,Y
2574.jpg,Y
2575.jpg,Y
2576.jpg,Y
2577.jpg,Y
2578.jpg,Y
2579.jpg,Y
2580.jpg,Y
2581.jpg,Y
2582.jpg,Y
2583.jpg,Y
2584.jpg,Y
2585.jpg,Y
2586.jpg,Y
2587.jpg,Y
2588.jpg,Y
2589.jpg,Y
2590.jpg,Y
2591.jpg,Y
2592.jpg,Y
2593.jpg,Y
2594.jpg,Y
2595.jpg,Y
2596.jpg,Y
2597.jpg,Y
2598.jpg,Y
2599.jpg,Y
2600.jpg,B
2601.jpg,B
2602.jpg,B
2603.jpg,B
2604.jpg,B
2605.jpg,B
2606.jpg,B
2607.jpg,B
2608.jpg,B
2609.jpg,B
2610.jpg,B
2611.jpg,B
2612.jpg,B
2613.jpg,B
2614.jpg,B
2615.jpg,B
2616.jpg,B
2617.jpg,B
2618.jpg,B
2619.jpg,B
2620.jpg,B
2621.jpg,B
2622.jpg,B
2623.jpg,B
2624.jpg,B
2625.jpg,B
2626.jpg,B
2627.jpg,B
2628.jpg,B
2629.jpg,B
2630.jpg,B
2631.jpg,B
2632.jpg,B
2633.jpg,B
2634.jpg,B
2635.jpg,B
2636.jpg,B
2637.jpg,B
2638.jpg,B
2639.jpg,B
2640.jpg,B
2641.jpg,B
2642.jpg,B
2643.jpg,B
2644.jpg,B
2645.jpg,B
2646.jpg,B
2647.jpg,B
2648.jpg,B
2649.jpg,B
2650.jpg,B
2651.jpg,B
2652.jpg,B
2653.jpg,B
2654.jpg,B
2655.jpg,B
2656.jpg,B
2657.jpg,B
2658.jpg,B
2659.jpg,B
2660.jpg,B
2661.jpg,B
2662.jpg,B
2663.jpg,B
2664.jpg,B
2665.jpg,B
2666.jpg,B
2667.jpg,B
2668.jpg,B
2669.jpg,B
2670.jpg,B
2671.jpg,B
2672.jpg,B
2673.jpg,B
2674.jpg,B
2675.jpg,B
2676.jpg,B
2677.jpg,B
2678.jpg,B
2679.jpg,B
2680.jpg,B
2681.jpg,B
2682.jpg,B
2683.jpg,B
2684.jpg,B
2685.jpg,B
2686.jpg,B
2687.jpg,B
2688.jpg,B
2689.jpg,B
2690.jpg,B
2691.jpg,B
2692.jpg,B
2693.jpg,B
2694.jpg,B
2695.jpg,B
2696.jpg,B
2697.jpg,B
2698.jpg,B
2699.jpg,B
2700.jpg,C
2701.jpg,C
2702.jpg,C
2703.jpg,C
2704.jpg,C
2705.jpg,C
2706.jpg,C
2707.jpg,C
2708.jpg,C
2709.jpg,C
2710.jpg,C
2711.jpg,C
2712.jpg,C
2713.jpg,C
2714.jpg,C
2715.jpg,C
2716.jpg,C
2717.jpg,C
2718.jpg,C
2719.jpg,C
2720.jpg,C
2721.jpg,C
2722.jpg,C
2723.jpg,C
2724.jpg,C
2725.jpg,C
2726.jpg,C
2727.jpg,C
2728.jpg,C
2729.jpg,C
2730.jpg,C
2731.jpg,C
2732.jpg,C
2733.jpg,C
2734.jpg,C
2735.jpg,C
2736.jpg,C
2737.jpg,C
2738.jpg,C
2739.jpg,C
2740.jpg,C
2741.jpg,C
2742.jpg,C
2743.jpg,C
2744.jpg,C
2745.jpg,C
2746.jpg,C
2747.jpg,C
2748.jpg,C
2749.jpg,C
2750.jpg,C
2751.jpg,C
2752.jpg,C
2753.jpg,C
2754.jpg,C
2755.jpg,C
2756.jpg,C
2757.jpg,C
2758.jpg,C
2759.jpg,C
2760.jpg,C
2761.jpg,C
2762.jpg,C
2763.jpg,C
2764.jpg,C
2765.jpg,C
2766.jpg,C
2767.jpg,C
2768.jpg,C
2769.jpg,C
2770.jpg,C
2771.jpg,C
2772.jpg,C
2773.jpg,C
2774.jpg,C
2775.jpg,C
2776.jpg,C
2777.jpg,C
2778.jpg,C
2779.jpg,C
2780.jpg,C
2781.jpg,C
2782.jpg,C
2783.jpg,C
2784.jpg,C
2785.jpg,C
2786.jpg,C
2787.jpg,C
2788.jpg,C
2789.jpg,C
2790.jpg,C
2791.jpg,C
2792.jpg,C
2793.jpg,C
2794.jpg,C
2795.jpg,C
2796.jpg,C
2797.jpg,C
2798.jpg,C
2799.jpg,C
2800.jpg,D
2801.jpg,D
2802.jpg,D
2803.jpg,D
2804.jpg,D
2805.jpg,D
2806.jpg,D
2807.jpg,D
2808.jpg,D
2809.jpg,D
2810.jpg,D
2811.jpg,D
2812.jpg,D
2813.jpg,D
2814.jpg,D
2815.jpg,D
2816.jpg,D
2817.jpg,D
2818.jpg,D
2819.jpg,D
2820.jpg,D
2821.jpg,D
2822.jpg,D
2823.jpg,D
2824.jpg,D
2825.jpg,D
2826.jpg,D
2827.jpg,D
2828.jpg,D
2829.jpg,D
2830.jpg,D
2831.jpg,D
2832.jpg,D
2833.jpg,D
2834.jpg,D
2835.jpg,D
2836.jpg,D
2837.jpg,D
2838.jpg,D
2839.jpg,D
2840.jpg,D
2841.jpg,D
2842.jpg,D
2843.jpg,D
2844.jpg,D
2845.jpg,D
2846.jpg,D
2847.jpg,D
2848.jpg,D
2849.jpg,D
2850.jpg,D
2851.jpg,D
2852.jpg,D
2853.jpg,D
2854.jpg,D
2855.jpg,D
2856.jpg,D
2857.jpg,D
2858.jpg,D
2859.jpg,D
2860.jpg,D
2861.jpg,D
2862.jpg,D
2863.jpg,D
2864.jpg,D
2865.jpg,D
2866.jpg,D
2867.jpg,D
2868.jpg,D
2869.jpg,D
2870.jpg,D
2871.jpg,D
2872.jpg,D
2873.jpg,D
2874.jpg,D
2875.jpg,D
2876.jpg,D
2877.jpg,D
2878.jpg,D
2879.jpg,D
2880.jpg,D
2881.jpg,D
2882.jpg,D
2883.jpg,D
2884.jpg,D
2885.jpg,D
2886.jpg,D
2887.jpg,D
2888.jpg,D
2889.jpg,D
2890.jpg,D
2891.jpg,D
2892.jpg,D
2893.jpg,D
2894.jpg,D
2895.jpg,D
2896.jpg,D
2897.jpg,D
2898.jpg,D
2899.jpg,D
2900.jpg,E
2901.jpg,E
2902.jpg,E
2903.jpg,E
2904.jpg,E
2905.jpg,E
2906.jpg,E
2907.jpg,E
2908.jpg,E
2909.jpg,E
2910.jpg,E
2911.jpg,E
2912.jpg,E
2913.jpg,E
2914.jpg,E
2915.jpg,E
2916.jpg,E
2917.jpg,E
2918.jpg,E
2919.jpg,E
2920.jpg,E
2921.jpg,E
2922.jpg,E
2923.jpg,E
2924.jpg,E
2925.jpg,E
2926.jpg,E
2927.jpg,E
2928.jpg,E
2929.jpg,E
2930.jpg,E
2931.jpg,E
2932.jpg,E
2933.jpg,E
2934.jpg,E
2935.jpg,E
2936.jpg,E
2937.jpg,E
2938.jpg,E
2939.jpg,E
2940.jpg,E
2941.jpg,E
2942.jpg,E
2943.jpg,E
2944.jpg,E
2945.jpg,E
2946.jpg,E
2947.jpg,E
2948.jpg,E
2949.jpg,E
2950.jpg,E
2951.jpg,E
2952.jpg,E
2953.jpg,E
2954.jpg,E
2955.jpg,E
2956.jpg,E
2957.jpg,E
2958.jpg,E
2959.jpg,E
2960.jpg,E
2961.jpg,E
2962.jpg,E
2963.jpg,E
2964.jpg,E
2965.jpg,E
2966.jpg,E
2967.jpg,E
2968.jpg,E
2969.jpg,E
2970.jpg,E
2971.jpg,E
2972.jpg,E
2973.jpg,E
2974.jpg,E
2975.jpg,E
2976.jpg,E
2977.jpg,E
2978.jpg,E
2979.jpg,E
2980.jpg,E
2981.jpg,E
2982.jpg,E
2983.jpg,E
2984.jpg,E
2985.jpg,E
2986.jpg,E
2987.jpg,E
2988.jpg,E
2989.jpg,E
2990.jpg,E
2991.jpg,E
2992.jpg,E
2993.jpg,E
2994.jpg,E
2995.jpg,E
2996.jpg,E
2997.jpg,E
2998.jpg,E
2999.jpg,E
3000.jpg,F
3001.jpg,F
3002.jpg,F
3003.jpg,F
3004.jpg,F
3005.jpg,F
3006.jpg,F
3007.jpg,F
3008.jpg,F
3009.jpg,F
3010.jpg,F
3011.jpg,F
3012.jpg,F
3013.jpg,F
3014.jpg,F
3015.jpg,F
3016.jpg,F
3017.jpg,F
3018.jpg,F
3019.jpg,F
3020.jpg,F
3021.jpg,F
3022.jpg,F
3023.jpg,F
3024.jpg,F
3025.jpg,F
3026.jpg,F
3027.jpg,F
3028.jpg,F
3029.jpg,F
3030.jpg,F
3031.jpg,F
3032.jpg,F
3033.jpg,F
3034.jpg,F
3035.jpg,F
3036.jpg,F
3037.jpg,F
3038.jpg,F
3039.jpg,F
3040.jpg,F
3041.jpg,F
3042.jpg,F
3043.jpg,F
3044.jpg,F
3045.jpg,F
3046.jpg,F
3047.jpg,F
3048.jpg,F
3049.jpg,F
3050.jpg,F
3051.jpg,F
3052.jpg,F
3053.jpg,F
3054.jpg,F
3055.jpg,F
3056.jpg,F
3057.jpg,F
3058.jpg,F
3059.jpg,F
3060.jpg,F
3061.jpg,F
3062.jpg,F
3063.jpg,F
3064.jpg,F
3065.jpg,F
3066.jpg,F
3067.jpg,F
3068.jpg,F
3069.jpg,F
3070.jpg,F
3071.jpg,F
3072.jpg,F
3073.jpg,F
3074.jpg,F
3075.jpg,F
3076.jpg,F
3077.jpg,F
3078.jpg,F
3079.jpg,F
3080.jpg,F
3081.jpg,F
3082.jpg,F
3083.jpg,F
3084.jpg,F
3085.jpg,F
3086.jpg,F
3087.jpg,F
3088.jpg,F
3089.jpg,F
3090.jpg,F
3091.jpg,F
3092.jpg,F
3093.jpg,F
3094.jpg,F
3095.jpg,F
3096.jpg,F
3097.jpg,F
3098.jpg,F
3099.jpg,F
3100.jpg,G
3101.jpg,G
3102.jpg,G
3103.jpg,G
3104.jpg,G
3105.jpg,G
3106.jpg,G
3107.jpg,G
3108.jpg,G
3109.jpg,G
3110.jpg,G
3111.jpg,G
3112.jpg,G
3113.jpg,G
3114.jpg,G
3115.jpg,G
3116.jpg,G
3117.jpg,G
3118.jpg,G
3119.jpg,G
3120.jpg,G
3121.jpg,G
3122.jpg,G
3123.jpg,G
3124.jpg,G
3125.jpg,G
3126.jpg,G
3127.jpg,G
3128.jpg,G
3129.jpg,G
3130.jpg,G
3131.jpg,G
3132.jpg,G
3133.jpg,G
3134.jpg,G
3135.jpg,G
3136.jpg,G
3137.jpg,G
3138.jpg,G
3139.jpg,G
3140.jpg,G
3141.jpg,G
3142.jpg,G
3143.jpg,G
3144.jpg,G
3145.jpg,G
3146.jpg,G
3147.jpg,G
3148.jpg,G
3149.jpg,G
3150.jpg,G
3151.jpg,G
3152.jpg,G
3153.jpg,G
3154.jpg,G
3155.jpg,G
3156.jpg,G
3157.jpg,G
3158.jpg,G
3159.jpg,G
3160.jpg,G
3161.jpg,G
3162.jpg,G
3163.jpg,G
3164.jpg,G
3165.jpg,G
3166.jpg,G
3167.jpg,G
3168.jpg,G
3169.jpg,G
3170.jpg,G
3171.jpg,G
3172.jpg,G
3173.jpg,G
3174.jpg,G
3175.jpg,G
3176.jpg,G
3177.jpg,G
3178.jpg,G
3179.jpg,G
3180.jpg,G
3181.jpg,G
3182.jpg,G
3183.jpg,G
3184.jpg,G
3185.jpg,G
3186.jpg,G
3187.jpg,G
3188.jpg,G
3189.jpg,G
3190.jpg,G
3191.jpg,G
3192.jpg,G
3193.jpg,G
3194.jpg,G
3195.jpg,G
3196.jpg,G
3197.jpg,G
3198.jpg,G
3199.jpg,G
3200.jpg,H
3201.jpg,H
3202.jpg,H
3203.jpg,H
3204.jpg,H
3205.jpg,H
3206.jpg,H
3207.jpg,H
3208.jpg,H
3209.jpg,H
3210.jpg,H
3211.jpg,H
3212.jpg,H
3213.jpg,H
3214.jpg,H
3215.jpg,H
3216.jpg,H
3217.jpg,H
3218.jpg,H
3219.jpg,H
3220.jpg,H
3221.jpg,H
3222.jpg,H
3223.jpg,H
3224.jpg,H
3225.jpg,H
3226.jpg,H
3227.jpg,H
3228.jpg,H
3229.jpg,H
3230.jpg,H
3231.jpg,H
3232.jpg,H
3233.jpg,H
3234.jpg,H
3235.jpg,H
3236.jpg,H
3237.jpg,H
3238.jpg,H
3239.jpg,H
3240.jpg,H
3241.jpg,H
3242.jpg,H
3243.jpg,H
3244.jpg,H
3245.jpg,H
3246.jpg,H
3247.jpg,H
3248.jpg,H
3249.jpg,H
3250.jpg,H
3251.jpg,H
3252.jpg,H
3253.jpg,H
3254.jpg,H
3255.jpg,H
3256.jpg,H
3257.jpg,H
3258.jpg,H
3259.jpg,H
3260.jpg,H
3261.jpg,H
3262.jpg,H
3263.jpg,H
3264.jpg,H
3265.jpg,H
3266.jpg,H
3267.jpg,H
3268.jpg,H
3269.jpg,H
3270.jpg,H
3271.jpg,H
3272.jpg,H
3273.jpg,H
3274.jpg,H
3275.jpg,H
3276.jpg,H
3277.jpg,H
3278.jpg,H
3279.jpg,H
3280.jpg,H
3281.jpg,H
3282.jpg,H
3283.jpg,H
3284.jpg,H
3285.jpg,H
3286.jpg,H
3287.jpg,H
3288.jpg,H
3289.jpg,H
3290.jpg,H
3291.jpg,H
3292.jpg,H
3293.jpg,H
3294.jpg,H
3295.jpg,H
3296.jpg,H
3297.jpg,H
3298.jpg,H
3299.jpg,H
3300.jpg,I
3301.jpg,I
3302.jpg,I
3303.jpg,I
3304.jpg,I
3305.jpg,I
3306.jpg,I
3307.jpg,I
3308.jpg,I
3309.jpg,I
3310.jpg,I
3311.jpg,I
3312.jpg,I
3313.jpg,I
3314.jpg,I
3315.jpg,I
3316.jpg,I
3317.jpg,I
3318.jpg,I
3319.jpg,I
3320.jpg,I
3321.jpg,I
3322.jpg,I
3323.jpg,I
3324.jpg,I
3325.jpg,I
3326.jpg,I
3327.jpg,I
3328.jpg,I
3329.jpg,I
3330.jpg,I
3331.jpg,I
3332.jpg,I
3333.jpg,I
3334.jpg,I
3335.jpg,I
3336.jpg,I
3337.jpg,I
3338.jpg,I
3339.jpg,I
3340.jpg,I
3341.jpg,I
3342.jpg,I
3343.jpg,I
3344.jpg,I
3345.jpg,I
3346.jpg,I
3347.jpg,I
3348.jpg,I
3349.jpg,I
3350.jpg,I
3351.jpg,I
3352.jpg,I
3353.jpg,I
3354.jpg,I
3355.jpg,I
3356.jpg,I
3357.jpg,I
3358.jpg,I
3359.jpg,I
3360.jpg,I
3361.jpg,I
3362.jpg,I
3363.jpg,I
3364.jpg,I
3365.jpg,I
3366.jpg,I
3367.jpg,I
3368.jpg,I
3369.jpg,I
3370.jpg,I
3371.jpg,I
3372.jpg,I
3373.jpg,I
3374.jpg,I
3375.jpg,I
3376.jpg,I
3377.jpg,I
3378.jpg,I
3379.jpg,I
3380.jpg,I
3381.jpg,I
3382.jpg,I
3383.jpg,I
3384.jpg,I
3385.jpg,I
3386.jpg,I
3387.jpg,I
3388.jpg,I
3389.jpg,I
3390.jpg,I
3391.jpg,I
3392.jpg,I
3393.jpg,I
3394.jpg,I
3395.jpg,I
3396.jpg,I
3397.jpg,I
3398.jpg,I
3399.jpg,I
3400.jpg,K
3401.jpg,K
3402.jpg,K
3403.jpg,K
3404.jpg,K
3405.jpg,K
3406.jpg,K
3407.jpg,K
3408.jpg,K
3409.jpg,K
3410.jpg,K
3411.jpg,K
3412.jpg,K
3413.jpg,K
3414.jpg,K
3415.jpg,K
3416.jpg,K
3417.jpg,K
3418.jpg,K
3419.jpg,K
3420.jpg,K
3421.jpg,K
3422.jpg,K
3423.jpg,K
3424.jpg,K
3425.jpg,K
3426.jpg,K
3427.jpg,K
3428.jpg,K
3429.jpg,K
3430.jpg,K
3431.jpg,K
3432.jpg,K
3433.jpg,K
3434.jpg,K
3435.jpg,K
3436.jpg,K
3437.jpg,K
3438.jpg,K
3439.jpg,K
3440.jpg,K
3441.jpg,K
3442.jpg,K
3443.jpg,K
3444.jpg,K
3445.jpg,K
3446.jpg,K
3447.jpg,K
3448.jpg,K
3449.jpg,K
3450.jpg,K
3451.jpg,K
3452.jpg,K
3453.jpg,K
3454.jpg,K
3455.jpg,K
3456.jpg,K
3457.jpg,K
3458.jpg,K
3459.jpg,K
3460.jpg,K
3461.jpg,K
3462.jpg,K
3463.jpg,K
3464.jpg,K
3465.jpg,K
3466.jpg,K
3467.jpg,K
3468.jpg,K
3469.jpg,K
3470.jpg,K
3471.jpg,K
3472.jpg,K
3473.jpg,K
3474.jpg,K
3475.jpg,K
3476.jpg,K
3477.jpg,K
3478.jpg,K
3479.jpg,K
3480.jpg,K
3481.jpg,K
3482.jpg,K
3483.jpg,K
3484.jpg,K
3485.jpg,K
3486.jpg,K
3487.jpg,K
3488.jpg,K
3489.jpg,K
3490.jpg,K
3491.jpg,K
3492.jpg,K
3493.jpg,K
3494.jpg,K
3495.jpg,K
3496.jpg,K
3497.jpg,K
3498.jpg,K
3499.jpg,K
3500.jpg,L
3501.jpg,L
3502.jpg,L
3503.jpg,L
3504.jpg,L
3505.jpg,L
3506.jpg,L
3507.jpg,L
3508.jpg,L
3509.jpg,L
3510.jpg,L
3511.jpg,L
3512.jpg,L
3513.jpg,L
3514.jpg,L
3515.jpg,L
3516.jpg,L
3517.jpg,L
3518.jpg,L
3519.jpg,L
3520.jpg,L
3521.jpg,L
3522.jpg,L
3523.jpg,L
3524.jpg,L
3525.jpg,L
3526.jpg,L
3527.jpg,L
3528.jpg,L
3529.jpg,L
3530.jpg,L
3531.jpg,L
3532.jpg,L
3533.jpg,L
3534.jpg,L
3535.jpg,L
3536.jpg,L
3537.jpg,L
3538.jpg,L
3539.jpg,L
3540.jpg,L
3541.jpg,L
3542.jpg,L
3543.jpg,L
3544.jpg,L
3545.jpg,L
3546.jpg,L
3547.jpg,L
3548.jpg,L
3549.jpg,L
3550.jpg,L
3551.jpg,L
3552.jpg,L
3553.jpg,L
3554.jpg,L
3555.jpg,L
3556.jpg,L
3557.jpg,L
3558.jpg,L
3559.jpg,L
3560.jpg,L
3561.jpg,L
3562.jpg,L
3563.jpg,L
3564.jpg,L
3565.jpg,L
3566.jpg,L
3567.jpg,L
3568.jpg,L
3569.jpg,L
3570.jpg,L
3571.jpg,L
3572.jpg,L
3573.jpg,L
3574.jpg,L
3575.jpg,L
3576.jpg,L
3577.jpg,L
3578.jpg,L
3579.jpg,L
3580.jpg,L
3581.jpg,L
3582.jpg,L
3583.jpg,L
3584.jpg,L
3585.jpg,L
3586.jpg,L
3587.jpg,L
3588.jpg,L
3589.jpg,L
3590.jpg,L
3591.jpg,L
3592.jpg,L
3593.jpg,L
3594.jpg,L
3595.jpg,L
3596.jpg,L
3597.jpg,L
3598.jpg,L
3599.jpg,L
3600.jpg,M
3601.jpg,M
3602.jpg,M
3603.jpg,M
3604.jpg,M
3605.jpg,M
3606.jpg,M
3607.jpg,M
3608.jpg,M
3609.jpg,M
3610.jpg,M
3611.jpg,M
3612.jpg,M
3613.jpg,M
3614.jpg,M
3615.jpg,M
3616.jpg,M
3617.jpg,M
3618.jpg,M
3619.jpg,M
3620.jpg,M
3621.jpg,M
3622.jpg,M
3623.jpg,M
3624.jpg,M
3625.jpg,M
3626.jpg,M
3627.jpg,M
3628.jpg,M
3629.jpg,M
3630.jpg,M
3631.jpg,M
3632.jpg,M
3633.jpg,M
3634.jpg,M
3635.jpg,M
3636.jpg,M
3637.jpg,M
3638.jpg,M
3639.jpg,M
3640.jpg,M
3641.jpg,M
3642.jpg,M
3643.jpg,M
3644.jpg,M
3645.jpg,M
3646.jpg,M
3647.jpg,M
3648.jpg,M
3649.jpg,M
3650.jpg,M
3651.jpg,M
3652.jpg,M
3653.jpg,M
3654.jpg,M
3655.jpg,M
3656.jpg,M
3657.jpg,M
3658.jpg,M
3659.jpg,M
3660.jpg,M
3661.jpg,M
3662.jpg,M
3663.jpg,M
3664.jpg,M
3665.jpg,M
3666.jpg,M
3667.jpg,M
3668.jpg,M
3669.jpg,M
3670.jpg,M
3671.jpg,M
3672.jpg,M
3673.jpg,M
3674.jpg,M
3675.jpg,M
3676.jpg,M
3677.jpg,M
3678.jpg,M
3679.jpg,M
3680.jpg,M
3681.jpg,M
3682.jpg,M
3683.jpg,M
3684.jpg,M
3685.jpg,M
3686.jpg,M
3687.jpg,M
3688.jpg,M
3689.jpg,M
3690.jpg,M
3691.jpg,M
3692.jpg,M
3693.jpg,M
3694.jpg,M
3695.jpg,M
3696.jpg,M
3697.jpg,M
3698.jpg,M
3699.jpg,M
3700.jpg,N
3701.jpg,N
3702.jpg,N
3703.jpg,N
3704.jpg,N
3705.jpg,N
3706.jpg,N
3707.jpg,N
3708.jpg,N
3709.jpg,N
3710.jpg,N
3711.jpg,N
3712.jpg,N
3713.jpg,N
3714.jpg,N
3715.jpg,N
3716.jpg,N
3717.jpg,N
3718.jpg,N
3719.jpg,N
3720.jpg,N
3721.jpg,N
3722.jpg,N
3723.jpg,N
3724.jpg,N
3725.jpg,N
3726.jpg,N
3727.jpg,N
3728.jpg,N
3729.jpg,N
3730.jpg,N
3731.jpg,N
3732.jpg,N
3733.jpg,N
3734.jpg,N
3735.jpg,N
3736.jpg,N
3737.jpg,N
3738.jpg,N
3739.jpg,N
3740.jpg,N
3741.jpg,N
3742.jpg,N
3743.jpg,N
3744.jpg,N
3745.jpg,N
3746.jpg,N
3747.jpg,N
3748.jpg,N
3749.jpg,N
3750.jpg,N
3751.jpg,N
3752.jpg,N
3753.jpg,N
3754.jpg,N
3755.jpg,N
3756.jpg,N
3757.jpg,N
3758.jpg,N
3759.jpg,N
3760.jpg,N
3761.jpg,N
3762.jpg,N
3763.jpg,N
3764.jpg,N
3765.jpg,N
3766.jpg,N
3767.jpg,N
3768.jpg,N
3769.jpg,N
3770.jpg,N
3771.jpg,N
3772.jpg,N
3773.jpg,N
3774.jpg,N
3775.jpg,N
3776.jpg,N
3777.jpg,N
3778.jpg,N
3779.jpg,N
3780.jpg,N
3781.jpg,N
3782.jpg,N
3783.jpg,N
3784.jpg,N
3785.jpg,N
3786.jpg,N
3787.jpg,N
3788.jpg,N
3789.jpg,N
3790.jpg,N
3791.jpg,N
3792.jpg,N
3793.jpg,N
3794.jpg,N
3795.jpg,N
3796.jpg,N
3797.jpg,N
3798.jpg,N
3799.jpg,N
3800.jpg,O
3801.jpg,O
3802.jpg,O
3803.jpg,O
3804.jpg,O
3805.jpg,O
3806.jpg,O
3807.jpg,O
3808.jpg,O
3809.jpg,O
3810.jpg,O
3811.jpg,O
3812.jpg,O
3813.jpg,O
3814.jpg,O
3815.jpg,O
3816.jpg,O
3817.jpg,O
3818.jpg,O
3819.jpg,O
3820.jpg,O
3821.jpg,O
3822.jpg,O
3823.jpg,O
3824.jpg,O
3825.jpg,O
3826.jpg,O
3827.jpg,O
3828.jpg,O
3829.jpg,O
3830.jpg,O
3831.jpg,O
3832.jpg,O
3833.jpg,O
3834.jpg,O
3835.jpg,O
3836.jpg,O
3837.jpg,O
3838.jpg,O
3839.jpg,O
3840.jpg,O
3841.jpg,O
3842.jpg,O
3843.jpg,O
3844.jpg,O
3845.jpg,O
3846.jpg,O
3847.jpg,O
3848.jpg,O
3849.jpg,O
3850.jpg,O
3851.jpg,O
3852.jpg,O
3853.jpg,O
3854.jpg,O
3855.jpg,O
3856.jpg,O
3857.jpg,O
3858.jpg,O
3859.jpg,O
3860.jpg,O
3861.jpg,O
3862.jpg,O
3863.jpg,O
3864.jpg,O
3865.jpg,O
3866.jpg,O
3867.jpg,O
3868.jpg,O
3869.jpg,O
3870.jpg,O
3871.jpg,O
3872.jpg,O
3873.jpg,O
3874.jpg,O
3875.jpg,O
3876.jpg,O
3877.jpg,O
3878.jpg,O
3879.jpg,O
3880.jpg,O
3881.jpg,O
3882.jpg,O
3883.jpg,O
3884.jpg,O
3885.jpg,O
3886.jpg,O
3887.jpg,O
3888.jpg,O
3889.jpg,O
3890.jpg,O
3891.jpg,O
3892.jpg,O
3893.jpg,O
3894.jpg,O
3895.jpg,O
3896.jpg,O
3897.jpg,O
3898.jpg,O
3899.jpg,O
3900.jpg,P
3901.jpg,P
3902.jpg,P
3903.jpg,P
3904.jpg,P
3905.jpg,P
3906.jpg,P
3907.jpg,P
3908.jpg,P
3909.jpg,P
3910.jpg,P
3911.jpg,P
3912.jpg,P
3913.jpg,P
3914.jpg,P
3915.jpg,P
3916.jpg,P
3917.jpg,P
3918.jpg,P
3919.jpg,P
3920.jpg,P
3921.jpg,P
3922.jpg,P
3923.jpg,P
3924.jpg,P
3925.jpg,P
3926.jpg,P
3927.jpg,P
3928.jpg,P
3929.jpg,P
3930.jpg,P
3931.jpg,P
3932.jpg,P
3933.jpg,P
3934.jpg,P
3935.jpg,P
3936.jpg,P
3937.jpg,P
3938.jpg,P
3939.jpg,P
3940.jpg,P
3941.jpg,P
3942.jpg,P
3943.jpg,P
3944.jpg,P
3945.jpg,P
3946.jpg,P
3947.jpg,P
3948.jpg,P
3949.jpg,P
3950.jpg,P
3951.jpg,P
3952.jpg,P
3953.jpg,P
3954.jpg,P
3955.jpg,P
3956.jpg,P
3957.jpg,P
3958.jpg,P
3959.jpg,P
3960.jpg,P
3961.jpg,P
3962.jpg,P
3963.jpg,P
3964.jpg,P
3965.jpg,P
3966.jpg,P
3967.jpg,P
3968.jpg,P
3969.jpg,P
3970.jpg,P
3971.jpg,P
3972.jpg,P
3973.jpg,P
3974.jpg,P
3975.jpg,P
3976.jpg,P
3977.jpg,P
3978.jpg,P
3979.jpg,P
3980.jpg,P
3981.jpg,P
3982.jpg,P
3983.jpg,P
3984.jpg,P
3985.jpg,P
3986.jpg,P
3987.jpg,P
3988.jpg,P
3989.jpg,P
3990.jpg,P
3991.jpg,P
3992.jpg,P
3993.jpg,P
3994.jpg,P
3995.jpg,P
3996.jpg,P
3997.jpg,P
3998.jpg,P
3999.jpg,P
4000.jpg,R
4001.jpg,R
4002.jpg,R
4003.jpg,R
4004.jpg,R
4005.jpg,R
4006.jpg,R
4007.jpg,R
4008.jpg,R
4009.jpg,R
4010.jpg,R
4011.jpg,R
4012.jpg,R
4013.jpg,R
4014.jpg,R
4015.jpg,R
4016.jpg,R
4017.jpg,R
4018.jpg,R
4019.jpg,R
4020.jpg,R
4021.jpg,R
4022.jpg,R
4023.jpg,R
4024.jpg,R
4025.jpg,R
4026.jpg,R
4027.jpg,R
4028.jpg,R
4029.jpg,R
4030.jpg,R
4031.jpg,R
4032.jpg,R
4033.jpg,R
4034.jpg,R
4035.jpg,R
4036.jpg,R
4037.jpg,R
4038.jpg,R
4039.jpg,R
4040.jpg,R
4041.jpg,R
4042.jpg,R
4043.jpg,R
4044.jpg,R
4045.jpg,R
4046.jpg,R
4047.jpg,R
4048.jpg,R
4049.jpg,R
4050.jpg,R
4051.jpg,R
4052.jpg,R
4053.jpg,R
4054.jpg,R
4055.jpg,R
4056.jpg,R
4057.jpg,R
4058.jpg,R
4059.jpg,R
4060.jpg,R
4061.jpg,R
4062.jpg,R
4063.jpg,R
4064.jpg,R
4065.jpg,R
4066.jpg,R
4067.jpg,R
4068.jpg,R
4069.jpg,R
4070.jpg,R
4071.jpg,R
4072.jpg,R
4073.jpg,R
4074.jpg,R
4075.jpg,R
4076.jpg,R
4077.jpg,R
4078.jpg,R
4079.jpg,R
4080.jpg,R
4081.jpg,R
4082.jpg,R
4083.jpg,R
4084.jpg,R
4085.jpg,R
4086.jpg,R
4087.jpg,R
4088.jpg,R
4089.jpg,R
4090.jpg,R
4091.jpg,R
4092.jpg,R
4093.jpg,R
4094.jpg,R
4095.jpg,R
4096.jpg,R
4097.jpg,R
4098.jpg,R
4099.jpg,R
4100.jpg,S
4101.jpg,S
4102.jpg,S
4103.jpg,S
4104.jpg,S
4105.jpg,S
4106.jpg,S
4107.jpg,S
4108.jpg,S
4109.jpg,S
4110.jpg,S
4111.jpg,S
4112.jpg,S
4113.jpg,S
4114.jpg,S
4115.jpg,S
4116.jpg,S
4117.jpg,S
4118.jpg,S
4119.jpg,S
4120.jpg,S
4121.jpg,S
4122.jpg,S
4123.jpg,S
4124.jpg,S
4125.jpg,S
4126.jpg,S
4127.jpg,S
4128.jpg,S
4129.jpg,S
4130.jpg,S
4131.jpg,S
4132.jpg,S
4133.jpg,S
4134.jpg,S
4135.jpg,S
4136.jpg,S
4137.jpg,S
4138.jpg,S
4139.jpg,S
4140.jpg,S
4141.jpg,S
4142.jpg,S
4143.jpg,S
4144.jpg,S
4145.jpg,S
4146.jpg,S
4147.jpg,S
4148.jpg,S
4149.jpg,S
4150.jpg,S
4151.jpg,S
4152.jpg,S
4153.jpg,S
4154.jpg,S
4155.jpg,S
4156.jpg,S
4157.jpg,S
4158.jpg,S
4159.jpg,S
4160.jpg,S
4161.jpg,S
4162.jpg,S
4163.jpg,S
4164.jpg,S
4165.jpg,S
4166.jpg,S
4167.jpg,S
4168.jpg,S
4169.jpg,S
4170.jpg,S
4171.jpg,S
4172.jpg,S
4173.jpg,S
4174.jpg,S
4175.jpg,S
4176.jpg,S
4177.jpg,S
4178.jpg,S
4179.jpg,S
4180.jpg,S
4181.jpg,S
4182.jpg,S
4183.jpg,S
4184.jpg,S
4185.jpg,S
4186.jpg,S
4187.jpg,S
4188.jpg,S
4189.jpg,S
4190.jpg,S
4191.jpg,S
4192.jpg,S
4193.jpg,S
4194.jpg,S
4195.jpg,S
4196.jpg,S
4197.jpg,S
4198.jpg,S
4199.jpg,S
4200.jpg,T
4201.jpg,T
4202.jpg,T
4203.jpg,T
4204.jpg,T
4205.jpg,T
4206.jpg,T
4207.jpg,T
4208.jpg,T
4209.jpg,T
4210.jpg,T
4211.jpg,T
4212.jpg,T
4213.jpg,T
4214.jpg,T
4215.jpg,T
4216.jpg,T
4217.jpg,T
4218.jpg,T
4219.jpg,T
4220.jpg,T
4221.jpg,T
4222.jpg,T
4223.jpg,T
4224.jpg,T
4225.jpg,T
4226.jpg,T
4227.jpg,T
4228.jpg,T
4229.jpg,T
4230.jpg,T
4231.jpg,T
4232.jpg,T
4233.jpg,T
4234.jpg,T
4235.jpg,T
4236.jpg,T
4237.jpg,T
4238.jpg,T
4239.jpg,T
4240.jpg,T
4241.jpg,T
4242.jpg,T
4243.jpg,T
4244.jpg,T
4245.jpg,T
4246.jpg,T
4247.jpg,T
4248.jpg,T
4249.jpg,T
4250.jpg,T
4251.jpg,T
4252.jpg,T
4253.jpg,T
4254.jpg,T
4255.jpg,T
4256.jpg,T
4257.jpg,T
4258.jpg,T
4259.jpg,T
4260.jpg,T
4261.jpg,T
4262.jpg,T
4263.jpg,T
4264.jpg,T
4265.jpg,T
4266.jpg,T
4267.jpg,T
4268.jpg,T
4269.jpg,T
4270.jpg,T
4271.jpg,T
4272.jpg,T
4273.jpg,T
4274.jpg,T
4275.jpg,T
4276.jpg,T
4277.jpg,T
4278.jpg,T
4279.jpg,T
4280.jpg,T
4281.jpg,T
4282.jpg,T
4283.jpg,T
4284.jpg,T
4285.jpg,T
4286.jpg,T
4287.jpg,T
4288.jpg,T
4289.jpg,T
4290.jpg,T
4291.jpg,T
4292.jpg,T
4293.jpg,T
4294.jpg,T
4295.jpg,T
4296.jpg,T
4297.jpg,T
4298.jpg,T
4299.jpg,T
4300.jpg,U
4301.jpg,U
4302.jpg,U
4303.jpg,U
4304.jpg,U
4305.jpg,U
4306.jpg,U
4307.jpg,U
4308.jpg,U
4309.jpg,U
4310.jpg,U
4311.jpg,U
4312.jpg,U
4313.jpg,U
4314.jpg,U
4315.jpg,U
4316.jpg,U
4317.jpg,U
4318.jpg,U
4319.jpg,U
4320.jpg,U
4321.jpg,U
4322.jpg,U
4323.jpg,U
4324.jpg,U
4325.jpg,U
4326.jpg,U
4327.jpg,U
4328.jpg,U
4329.jpg,U
4330.jpg,U
4331.jpg,U
4332.jpg,U
4333.jpg,U
4334.jpg,U
4335.jpg,U
4336.jpg,U
4337.jpg,U
4338.jpg,U
4339.jpg,U
4340.jpg,U
4341.jpg,U
4342.jpg,U
4343.jpg,U
4344.jpg,U
4345.jpg,U
4346.jpg,U
4347.jpg,U
4348.jpg,U
4349.jpg,U
4350.jpg,U
4351.jpg,U
4352.jpg,U
4353.jpg,U
4354.jpg,U
4355.jpg,U
4356.jpg,U
4357.jpg,U
4358.jpg,U
4359.jpg,U
4360.jpg,U
4361.jpg,U
4362.jpg,U
4363.jpg,U
4364.jpg,U
4365.jpg,U
4366.jpg,U
4367.jpg,U
4368.jpg,U
4369.jpg,U
4370.jpg,U
4371.jpg,U
4372.jpg,U
4373.jpg,U
4374.jpg,U
4375.jpg,U
4376.jpg,U
4377.jpg,U
4378.jpg,U
4379.jpg,U
4380.jpg,U
4381.jpg,U
4382.jpg,U
4383.jpg,U
4384.jpg,U
4385.jpg,U
4386.jpg,U
4387.jpg,U
4388.jpg,U
4389.jpg,U
4390.jpg,U
4391.jpg,U
4392.jpg,U
4393.jpg,U
4394.jpg,U
4395.jpg,U
4396.jpg,U
4397.jpg,U
4398.jpg,U
4399.jpg,U
4400.jpg,V
4401.jpg,V
4402.jpg,V
4403.jpg,V
4404.jpg,V
4405.jpg,V
4406.jpg,V
4407.jpg,V
4408.jpg,V
4409.jpg,V
4410.jpg,V
4411.jpg,V
4412.jpg,V
4413.jpg,V
4414.jpg,V
4415.jpg,V
4416.jpg,V
4417.jpg,V
4418.jpg,V
4419.jpg,V
4420.jpg,V
4421.jpg,V
4422.jpg,V
4423.jpg,V
4424.jpg,V
4425.jpg,V
4426.jpg,V
4427.jpg,V
4428.jpg,V
4429.jpg,V
4430.jpg,V
4431.jpg,V
4432.jpg,V
4433.jpg,V
4434.jpg,V
4435.jpg,V
4436.jpg,V
4437.jpg,V
4438.jpg,V
4439.jpg,V
4440.jpg,V
4441.jpg,V
4442.jpg,V
4443.jpg,V
4444.jpg,V
4445.jpg,V
4446.jpg,V
4447.jpg,V
4448.jpg,V
4449.jpg,V
4450.jpg,V
4451.jpg,V
4452.jpg,V
4453.jpg,V
4454.jpg,V
4455.jpg,V
4456.jpg,V
4457.jpg,V
4458.jpg,V
4459.jpg,V
4460.jpg,V
4461.jpg,V
4462.jpg,V
4463.jpg,V
4464.jpg,V
4465.jpg,V
4466.jpg,V
4467.jpg,V
4468.jpg,V
4469.jpg,V
4470.jpg,V
4471.jpg,V
4472.jpg,V
4473.jpg,V
4474.jpg,V
4475.jpg,V
4476.jpg,V
4477.jpg,V
4478.jpg,V
4479.jpg,V
4480.jpg,V
4481.jpg,V
4482.jpg,V
4483.jpg,V
4484.jpg,V
4485.jpg,V
4486.jpg,V
4487.jpg,V
4488.jpg,V
4489.jpg,V
4490.jpg,V
4491.jpg,V
4492.jpg,V
4493.jpg,V
4494.jpg,V
4495.jpg,V
4496.jpg,V
4497.jpg,V
4498.jpg,V
4499.jpg,V
4500.jpg,W
4501.jpg,W
4502.jpg,W
4503.jpg,W
4504.jpg,W
4505.jpg,W
4506.jpg,W
4507.jpg,W
4508.jpg,W
4509.jpg,W
4510.jpg,W
4511.jpg,W
4512.jpg,W
4513.jpg,W
4514.jpg,W
4515.jpg,W
4516.jpg,W
4517.jpg,W
4518.jpg,W
4519.jpg,W
4520.jpg,W
4521.jpg,W
4522.jpg,W
4523.jpg,W
4524.jpg,W
4525.jpg,W
4526.jpg,W
4527.jpg,W
4528.jpg,W
4529.jpg,W
4530.jpg,W
4531.jpg,W
4532.jpg,W
4533.jpg,W
4534.jpg,W
4535.jpg,W
4536.jpg,W
4537.jpg,W
4538.jpg,W
4539.jpg,W
4540.jpg,W
4541.jpg,W
4542.jpg,W
4543.jpg,W
4544.jpg,W
4545.jpg,W
4546.jpg,W
4547.jpg,W
4548.jpg,W
4549.jpg,W
4550.jpg,W
4551.jpg,W
4552.jpg,W
4553.jpg,W
4554.jpg,W
4555.jpg,W
4556.jpg,W
4557.jpg,W
4558.jpg,W
4559.jpg,W
4560.jpg,W
4561.jpg,W
4562.jpg,W
4563.jpg,W
4564.jpg,W
4565.jpg,W
4566.jpg,W
4567.jpg,W
4568.jpg,W
4569.jpg,W
4570.jpg,W
4571.jpg,W
4572.jpg,W
4573.jpg,W
4574.jpg,W
4575.jpg,W
4576.jpg,W
4577.jpg,W
4578.jpg,W
4579.jpg,W
4580.jpg,W
4581.jpg,W
4582.jpg,W
4583.jpg,W
4584.jpg,W
4585.jpg,W
4586.jpg,W
4587.jpg,W
4588.jpg,W
4589.jpg,W
4590.jpg,W
4591.jpg,W
4592.jpg,W
4593.jpg,W
4594.jpg,W
4595.jpg,W
4596.jpg,W
4597.jpg,W
4598.jpg,W
4599.jpg,W
4600.jpg,X
4601.jpg,X
4602.jpg,X
4603.jpg,X
4604.jpg,X
4605.jpg,X
4606.jpg,X
4607.jpg,X
4608.jpg,X
4609.jpg,X
4610.jpg,X
4611.jpg,X
4612.jpg,X
4613.jpg,X
4614.jpg,X
4615.jpg,X
4616.jpg,X
4617.jpg,X
4618.jpg,X
4619.jpg,X
4620.jpg,X
4621.jpg,X
4622.jpg,X
4623.jpg,X
4624.jpg,X
4625.jpg,X
4626.jpg,X
4627.jpg,X
4628.jpg,X
4629.jpg,X
4630.jpg,X
4631.jpg,X
4632.jpg,X
4633.jpg,X
4634.jpg,X
4635.jpg,X
4636.jpg,X
4637.jpg,X
4638.jpg,X
4639.jpg,X
4640.jpg,X
4641.jpg,X
4642.jpg,X
4643.jpg,X
4644.jpg,X
4645.jpg,X
4646.jpg,X
4647.jpg,X
4648.jpg,X
4649.jpg,X
4650.jpg,X
4651.jpg,X
4652.jpg,X
4653.jpg,X
4654.jpg,X
4655.jpg,X
4656.jpg,X
4657.jpg,X
4658.jpg,X
4659.jpg,X
4660.jpg,X
4661.jpg,X
4662.jpg,X
4663.jpg,X
4664.jpg,X
4665.jpg,X
4666.jpg,X
4667.jpg,X
4668.jpg,X
4669.jpg,X
4670.jpg,X
4671.jpg,X
4672.jpg,X
4673.jpg,X
4674.jpg,X
4675.jpg,X
4676.jpg,X
4677.jpg,X
4678.jpg,X
4679.jpg,X
4680.jpg,X
4681.jpg,X
4682.jpg,X
4683.jpg,X
4684.jpg,X
4685.jpg,X
4686.jpg,X
4687.jpg,X
4688.jpg,X
4689.jpg,X
4690.jpg,X
4691.jpg,X
4692.jpg,X
4693.jpg,X
4694.jpg,X
4695.jpg,X
4696.jpg,X
4697.jpg,X
4698.jpg,X
4699.jpg,X
4700.jpg,Y
4701.jpg,Y
4702.jpg,Y
4703.jpg,Y
4704.jpg,Y
4705.jpg,Y
4706.jpg,Y
4707.jpg,Y
4708.jpg,Y
4709.jpg,Y
4710.jpg,Y
4711.jpg,Y
4712.jpg,Y
4713.jpg,Y
4714.jpg,Y
4715.jpg,Y
4716.jpg,Y
4717.jpg,Y
4718.jpg,Y
4719.jpg,Y
4720.jpg,Y
4721.jpg,Y
4722.jpg,Y
4723.jpg,Y
4724.jpg,Y
4725.jpg,Y
4726.jpg,Y
4727.jpg,Y
4728.jpg,Y
4729.jpg,Y
4730.jpg,Y
4731.jpg,Y
4732.jpg,Y
4733.jpg,Y
4734.jpg,Y
4735.jpg,Y
4736.jpg,Y
4737.jpg,Y
4738.jpg,Y
4739.jpg,Y
4740.jpg,Y
4741.jpg,Y
4742.jpg,Y
4743.jpg,Y
4744.jpg,Y
4745.jpg,Y
4746.jpg,Y
4747.jpg,Y
4748.jpg,Y
4749.jpg,Y
4750.jpg,Y
4751.jpg,Y
4752.jpg,Y
4753.jpg,Y
4754.jpg,Y
4755.jpg,Y
4756.jpg,Y
4757.jpg,Y
4758.jpg,Y
4759.jpg,Y
4760.jpg,Y
4761.jpg,Y
4762.jpg,Y
4763.jpg,Y
4764.jpg,Y
4765.jpg,Y
4766.jpg,Y
4767.jpg,Y
4768.jpg,Y
4769.jpg,Y
4770.jpg,Y
4771.jpg,Y
4772.jpg,Y
4773.jpg,Y
4774.jpg,Y
4775.jpg,Y
4776.jpg,Y
4777.jpg,Y
4778.jpg,Y
4779.jpg,Y
4780.jpg,Y
4781.jpg,Y
4782.jpg,Y
4783.jpg,Y
4784.jpg,Y
4785.jpg,Y
4786.jpg,Y
4787.jpg,Y
4788.jpg,Y
4789.jpg,Y
4790.jpg,Y
4791.jpg,Y
4792.jpg,Y
4793.jpg,Y
4794.jpg,Y
4795.jpg,Y
4796.jpg,Y
4797.jpg,Y
4798.jpg,Y
4799.jpg,Y
