n_cnn,n_dense,i_cnn,i_dense,batch_normalization,max_pool,dropout,accuracy,precision,recall,f1_score,AUC_ROC,MCC,time,generation,reward
2,4,8,256,"[0, 0]","[1, 0]","[1, 0, 1, 0]",0.96875,0.972426607099731,0.9718362818812594,0.9707610560270185,0.9998208631408554,0.9674817408721594,20.47490358352661,0,0.96875
1,4,32,512,[1],[0],"[1, 1, 0, 1]",0.9770833333333333,0.9772574112047797,0.9777139199049953,0.977035472835737,0.9997474113882375,0.9760935936062766,32.806615352630615,0,0.9770833253860474
0,3,0,256,[],[],"[0, 0, 1]",0.9854166666666667,0.9868992722253592,0.9864783968044838,0.9860172539483374,0.9999823866363773,0.9848253900747677,34.611337423324585,0,0.9854166507720947
2,0,4,0,"[1, 1]","[1, 1]",[],0.9583333333333334,0.9595261622435536,0.9621987248703495,0.9586696770102298,0.9980527034596314,0.9566584150626546,3.4517433643341064,0,0.9583333333333334
-1,-2,0,0,[],[],[],0.48125,0.9193295739348372,0.5029214388225672,0.5829908400726936,0.999106102590185,0.5481350760875818,25.64668893814087,0,0.48333333333333334
0,2,0,64,[],[],"[1, 1]",0.9729166666666667,0.9756552324487107,0.9758818375666202,0.9743770825397249,0.9998667224694683,0.9718381419380206,31.55289363861084,0,0.9729166626930237
3,4,4,32,"[0, 0, 1]","[0, 0, 0]","[0, 1, 0, 0]",0.5916666666666667,0.6332778485965872,0.6067695036445037,0.5957514783624175,0.9503762150291358,0.5784917576989831,13.7000732421875,0,0.5916666388511658
0,-1,0,0,[],[],[],0.9041666666666667,0.9675650820599886,0.9111748554116185,0.9269775353231408,0.9999122590463777,0.9044293469872525,39.64639329910278,0,0.9041666666666667
5,-1,32,0,"[0, 0, 1, 1, 1]","[1, 0, 1, 1, 0]",[],0.875,0.9675324675324676,0.8849330266338867,0.9086870903765982,0.9995837028347476,0.8773148776271078,549.0556983947754,0,0.8875
0,0,0,0,[],[],[],0.9916666666666667,0.9929611330698288,0.9917359687096529,0.9920689034894226,0.9988273977139993,0.991316737019277,2.8053815364837646,0,0.9916666666666667
4,5,16,128,"[0, 1, 0, 0]","[1, 1, 1, 0]","[0, 0, 1, 1, 0]",0.9916666666666667,0.991433355292051,0.9926920062695924,0.9918625694318938,0.9997351572356211,0.9913087279258145,22.22107720375061,0,0.9916666746139526
3,3,8,256,"[1, 0, 0]","[0, 0, 0]","[0, 0, 1]",0.9645833333333333,0.970483183970026,0.9714973806802892,0.9686781688141884,0.999942544492165,0.9633115765827429,25.61739230155945,0,0.9645833373069763
2,0,32,0,"[0, 0]","[0, 0]",[],0.9625,0.9637621309532065,0.9660936524065814,0.9629483564422813,0.9980840931093994,0.9609948419736036,53.85169720649719,0,0.9625
2,-2,4,0,"[1, 1]","[1, 0]",[],0.7458333333333333,0.9634292565947242,0.7587271353336512,0.8173989906180967,0.9997855494475686,0.7629536909713655,82.08265161514282,0,0.7458333333333333
4,4,16,64,"[1, 0, 1, 0]","[0, 1, 0, 1]","[0, 0, 0, 0]",0.975,0.978311737326683,0.976814851814852,0.976372537940594,0.9989464036656601,0.9739929894629789,22.326727628707886,0,0.9750000238418579
3,-1,32,0,"[0, 0, 0]","[1, 1, 0]",[],0.8875,0.9683098591549296,0.8955118475575352,0.915709529976577,0.9995201876900083,0.8889759864624498,583.1132719516754,0,0.8875
0,-2,0,0,[],[],[],0.8958333333333334,0.9669823232323232,0.9050412345402187,0.9222168743032405,0.999907797943035,0.8965733887338374,12.671578407287598,0,0.9083333333333333
3,4,8,128,"[0, 1, 0]","[1, 1, 0]","[0, 1, 1, 1]",0.9770833333333333,0.9802612634693538,0.9787420748376127,0.9790312358119895,0.9996654129320005,0.9760999595572086,17.06307291984558,0,0.9770833253860474
-2,0,0,0,[],[],[],0.825,0.8792234262216078,0.8325482853003149,0.8405518715657091,0.985443488874251,0.8203374792072248,7.55444598197937,0,0.825
-1,2,0,256,[],[],"[0, 1]",0.9854166666666667,0.9867098782859651,0.9863648127235084,0.9862539818199946,0.99981498448375,0.9847845615274406,84.77332949638367,0,0.9854166507720947
4,5,16,128,"[0, 1, 0, 0]","[1, 1, 1, 0]","[0, 0, 1, 1, 0]",0.9333333333333333,0.946520736474381,0.9420972868405402,0.9385788306964105,0.9971819656769326,0.9310465813746359,20.093751192092896,1,0.9333333373069763
1,4,32,512,[1],[0],"[1, 1, 0, 1]",0.9833333333333333,0.9848424723424724,0.9852037053124011,0.984275687039152,0.9990712521251471,0.9826577274964949,30.299078464508057,1,0.9833333492279053
0,3,0,256,[],[],"[0, 0, 1]",0.9854166666666667,0.9861754187841144,0.9859899598028888,0.9858044420863479,0.9999699294486692,0.9847846304811104,32.23426556587219,1,0.9854166507720947
0,3,0,256,[],[],"[0, 0, 1]",0.9875,0.9890389016018307,0.9882394652131495,0.9881857020173017,0.9999448375301121,0.9869799354047808,31.963975191116333,1,0.987500011920929
0,4,0,128,[],[],"[0, 1, 1, 1]",0.9625,0.9630141672940585,0.9671313764876359,0.9631214005891743,0.9997911737015185,0.9609847852707029,33.22586750984192,1,0.9624999761581421
-1,3,0,256,[],[],"[0, 0, 1]",0.9895833333333334,0.9899516784385206,0.9903330666917624,0.9899467515959292,0.9998997910752504,0.9891309280259492,87.88149094581604,1,0.9895833134651184
4,4,16,64,"[1, 0, 1, 0]","[0, 1, 0, 1]","[0, 0, 0, 0]",0.9354166666666667,0.9386610755723076,0.9393058793099582,0.9364739554606674,0.9966671401685291,0.9327302998037589,20.972180128097534,1,0.9354166388511658
0,3,0,256,[],[],"[0, 0, 1]",0.9854166666666667,0.9861390960933294,0.986911240615474,0.9862715529788701,0.9999655661834895,0.9847854594570234,32.46517062187195,1,0.9854166507720947
0,2,0,64,[],[],"[1, 1]",0.98125,0.9835269889975268,0.9833780651715435,0.9822571245575983,0.9999053113036734,0.9805294961299256,31.136691570281982,1,0.981249988079071
3,4,8,128,"[1, 1, 0]","[0, 1, 0]","[1, 1, 0, 1]",0.9645833333333333,0.9662276594020015,0.9663882136520817,0.9648869543410371,0.9998083806214958,0.9631192161528677,16.441913843154907,1,0.9645833373069763
0,3,0,256,[],[],"[0, 0, 1]",0.9854166666666667,0.9852631001086379,0.9860068209610544,0.985315789618476,0.9999108182298527,0.9847850446155798,31.986365795135498,2,0.9854166507720947
1,4,32,512,[1],[0],"[1, 1, 0, 1]",0.9645833333333333,0.9665465747702591,0.9691118549533092,0.9653997024036657,0.9994829013303526,0.9632418399318041,30.094460487365723,2,0.9645833373069763
-1,3,0,256,[],[],"[0, 0, 1]",0.9791666666666666,0.9829228200527543,0.9800927508164351,0.9807596495947485,0.9993312512835173,0.9783070514481147,85.66928791999817,2,0.9791666865348816
0,3,0,256,[],[],"[0, 0, 1]",0.9895833333333334,0.990497757073844,0.9903330666917624,0.990194219710669,0.9999447816295014,0.9891351685249884,31.988162994384766,2,0.9895833134651184
-1,3,0,256,[],[],"[0, 0, 1]",0.9833333333333333,0.9819745069745069,0.9845532185206097,0.9826992932897939,0.9998980944460966,0.9826269220255928,84.79659676551819,2,0.9833333492279053
-1,3,0,256,[],[],"[0, 0, 1]",0.9854166666666667,0.9865620490620491,0.9863058640232554,0.9860490284908888,0.9991274957795072,0.9847937723826188,82.52246308326721,3,0.9854166507720947
0,3,0,256,[],[],"[0, 0, 1]",0.99375,0.994392684610076,0.994011296356834,0.9941038334198461,0.9999451239050033,0.9934765056028348,31.959146976470947,3,0.9937499761581421
0,3,0,256,[],[],"[0, 0, 1]",0.9875,0.987950690296228,0.9882823232365566,0.9879250519853103,0.9999680079452667,0.9869535438002759,31.932328939437866,3,0.987500011920929
0,3,0,256,[],[],"[0, 0, 1]",0.9916666666666667,0.9928709454796412,0.9913150932887774,0.9918001516324688,0.9999288355351564,0.9913166197860964,31.2590172290802,4,0.9916666746139526
